{
  "type": "FeatureCollection",
  "nome_ig": "Circuito das Águas Paulista",
  "municipios_lista": "aguas de lindoia;amparo;holambra;jaguariuna;lindoia;monte alegre do sul;pedreira;serra negra;socorro",
  "features": [
    {
      "type": "Feature",
      "geometry": {
        "type": "Polygon",
        "coordinates": [
          [
            [
              -46.6583,
              -22.4731
            ],
            [
              -46.6585,
              -22.4741
            ],
            [
              -46.6606,
              -22.478
            ],
            [
              -46.6606,
              -22.4796
            ],
            [
              -46.6594,
              -22.4835
            ],
            [
              -46.6579,
              -22.4848
            ],
            [
              -46.6537,
              -22.4873
            ],
            [
              -46.6505,
              -22.4904
            ],
            [
              -46.6487,
              -22.4925
            ],
            [
              -46.6467,
              -22.4934
            ],
            [
              -46.6456,
              -22.4932
            ],
            [
              -46.6428,
              -22.4905
            ],
            [
              -46.6399,
              -22.4926
            ],
            [
              -46.6366,
              -22.493
            ],
            [
              -46.6345,
              -22.4942
            ],
            [
              -46.6324,
              -22.4933
            ],
            [
              -46.6315,
              -22.4938
            ],
            [
              -46.6336,
              -22.4956
            ],
            [
              -46.6335,
              -22.497
            ],
            [
              -46.6342,
              -22.4987
            ],
            [
              -46.6317,
              -22.5
            ],
            [
              -46.6305,
              -22.5024
            ],
            [
              -46.6313,
              -22.5058
            ],
            [
              -46.6304,
              -22.5074
            ],
            [
              -46.6285,
              -22.5084
            ],
            [
              -46.6281,
              -22.5101
            ],
            [
              -46.6267,
              -22.5113
            ],
            [
              -46.625,
              -22.5117
            ],
            [
              -46.6219,
              -22.5139
            ],
            [
              -46.6199,
              -22.5139
            ],
            [
              -46.6186,
              -22.5132
            ],
            [
              -46.6172,
              -22.5112
            ],
            [
              -46.6157,
              -22.5116
            ],
            [
              -46.6134,
              -22.51
            ],
            [
              -46.6121,
              -22.51
            ],
            [
              -46.6103,
              -22.5119
            ],
            [
              -46.6095,
              -22.5136
            ],
            [
              -46.6069,
              -22.5149
            ],
            [
              -46.6037,
              -22.5137
            ],
            [
              -46.601,
              -22.5116
            ],
            [
              -46.599,
              -22.515
            ],
            [
              -46.5958,
              -22.5148
            ],
            [
              -46.593,
              -22.5156
            ],
            [
              -46.5903,
              -22.5156
            ],
            [
              -46.5877,
              -22.5137
            ],
            [
              -46.5873,
              -22.5154
            ],
            [
              -46.5843,
              -22.5163
            ],
            [
              -46.5821,
              -22.5147
            ],
            [
              -46.5817,
              -22.5131
            ],
            [
              -46.58,
              -22.5117
            ],
            [
              -46.5795,
              -22.5103
            ],
            [
              -46.5798,
              -22.5077
            ],
            [
              -46.5818,
              -22.5064
            ],
            [
              -46.583,
              -22.5045
            ],
            [
              -46.5837,
              -22.5014
            ],
            [
              -46.5858,
              -22.4991
            ],
            [
              -46.5863,
              -22.4977
            ],
            [
              -46.5861,
              -22.4949
            ],
            [
              -46.5851,
              -22.4938
            ],
            [
              -46.5853,
              -22.4929
            ],
            [
              -46.5881,
              -22.4904
            ],
            [
              -46.5879,
              -22.4896
            ],
            [
              -46.5852,
              -22.4897
            ],
            [
              -46.5822,
              -22.489
            ],
            [
              -46.5795,
              -22.4889
            ],
            [
              -46.5774,
              -22.487
            ],
            [
              -46.5746,
              -22.4867
            ],
            [
              -46.5711,
              -22.4867
            ],
            [
              -46.5688,
              -22.4856
            ],
            [
              -46.5655,
              -22.4877
            ],
            [
              -46.5639,
              -22.4867
            ],
            [
              -46.5631,
              -22.4853
            ],
            [
              -46.5651,
              -22.4839
            ],
            [
              -46.5656,
              -22.4823
            ],
            [
              -46.5647,
              -22.4801
            ],
            [
              -46.5644,
              -22.4776
            ],
            [
              -46.56,
              -22.4774
            ],
            [
              -46.5592,
              -22.4739
            ],
            [
              -46.5554,
              -22.4708
            ],
            [
              -46.5525,
              -22.4695
            ],
            [
              -46.5499,
              -22.4695
            ],
            [
              -46.5505,
              -22.4682
            ],
            [
              -46.5508,
              -22.4631
            ],
            [
              -46.5516,
              -22.46
            ],
            [
              -46.5511,
              -22.4586
            ],
            [
              -46.5493,
              -22.4571
            ],
            [
              -46.5488,
              -22.4552
            ],
            [
              -46.5535,
              -22.4479
            ],
            [
              -46.5548,
              -22.4466
            ],
            [
              -46.562,
              -22.4467
            ],
            [
              -46.5648,
              -22.4474
            ],
            [
              -46.5681,
              -22.4509
            ],
            [
              -46.5715,
              -22.4522
            ],
            [
              -46.5727,
              -22.4531
            ],
            [
              -46.574,
              -22.4515
            ],
            [
              -46.5751,
              -22.4479
            ],
            [
              -46.5737,
              -22.4456
            ],
            [
              -46.578,
              -22.4429
            ],
            [
              -46.5851,
              -22.4394
            ],
            [
              -46.5893,
              -22.4382
            ],
            [
              -46.5917,
              -22.4381
            ],
            [
              -46.5944,
              -22.441
            ],
            [
              -46.5959,
              -22.4415
            ],
            [
              -46.6007,
              -22.4415
            ],
            [
              -46.6035,
              -22.4431
            ],
            [
              -46.6061,
              -22.4417
            ],
            [
              -46.6119,
              -22.4354
            ],
            [
              -46.6155,
              -22.4386
            ],
            [
              -46.6163,
              -22.4386
            ],
            [
              -46.6173,
              -22.4415
            ],
            [
              -46.6214,
              -22.4451
            ],
            [
              -46.6235,
              -22.4457
            ],
            [
              -46.6252,
              -22.4468
            ],
            [
              -46.6265,
              -22.4483
            ],
            [
              -46.6278,
              -22.4509
            ],
            [
              -46.6309,
              -22.4542
            ],
            [
              -46.6323,
              -22.4551
            ],
            [
              -46.6375,
              -22.4605
            ],
            [
              -46.6393,
              -22.461
            ],
            [
              -46.6409,
              -22.4602
            ],
            [
              -46.6426,
              -22.4603
            ],
            [
              -46.6435,
              -22.4614
            ],
            [
              -46.6441,
              -22.4642
            ],
            [
              -46.6456,
              -22.4657
            ],
            [
              -46.6484,
              -22.4668
            ],
            [
              -46.6533,
              -22.4713
            ],
            [
              -46.6564,
              -22.4715
            ],
            [
              -46.6571,
              -22.4727
            ],
            [
              -46.6583,
              -22.4731
            ]
          ]
        ]
      },
      "properties": {
        "codarea": "3500501",
        "nome_municipio": "Águas de Lindóia",
        "codigo_ibge": 3500501
      }
    },
    {
      "type": "Feature",
      "geometry": {
        "type": "Polygon",
        "coordinates": [
          [
            [
              -46.8371,
              -22.8434
            ],
            [
              -46.8361,
              -22.8442
            ],
            [
              -46.8336,
              -22.8437
            ],
            [
              -46.8321,
              -22.8443
            ],
            [
              -46.8274,
              -22.8449
            ],
            [
              -46.826,
              -22.8441
            ],
            [
              -46.8232,
              -22.8435
            ],
            [
              -46.8193,
              -22.8442
            ],
            [
              -46.8182,
              -22.8451
            ],
            [
              -46.8164,
              -22.8435
            ],
            [
              -46.8129,
              -22.8415
            ],
            [
              -46.8129,
              -22.8391
            ],
            [
              -46.8117,
              -22.8365
            ],
            [
              -46.8102,
              -22.8364
            ],
            [
              -46.8101,
              -22.8385
            ],
            [
              -46.8076,
              -22.8387
            ],
            [
              -46.806,
              -22.8355
            ],
            [
              -46.8031,
              -22.834
            ],
            [
              -46.8013,
              -22.8356
            ],
            [
              -46.8007,
              -22.8369
            ],
            [
              -46.7994,
              -22.8352
            ],
            [
              -46.798,
              -22.8344
            ],
            [
              -46.795,
              -22.834
            ],
            [
              -46.7938,
              -22.8342
            ],
            [
              -46.7936,
              -22.8357
            ],
            [
              -46.7952,
              -22.8369
            ],
            [
              -46.7922,
              -22.8394
            ],
            [
              -46.7903,
              -22.8385
            ],
            [
              -46.7887,
              -22.8392
            ],
            [
              -46.7883,
              -22.8419
            ],
            [
              -46.7862,
              -22.8435
            ],
            [
              -46.7891,
              -22.8461
            ],
            [
              -46.7884,
              -22.8477
            ],
            [
              -46.7872,
              -22.8481
            ],
            [
              -46.7864,
              -22.8493
            ],
            [
              -46.7842,
              -22.8497
            ],
            [
              -46.7843,
              -22.8517
            ],
            [
              -46.7822,
              -22.8516
            ],
            [
              -46.7791,
              -22.8506
            ],
            [
              -46.777,
              -22.8507
            ],
            [
              -46.7765,
              -22.85
            ],
            [
              -46.7779,
              -22.8487
            ],
            [
              -46.7756,
              -22.8467
            ],
            [
              -46.7743,
              -22.8468
            ],
            [
              -46.7741,
              -22.848
            ],
            [
              -46.7713,
              -22.8495
            ],
            [
              -46.7703,
              -22.8524
            ],
            [
              -46.7686,
              -22.853
            ],
            [
              -46.7667,
              -22.8523
            ],
            [
              -46.764,
              -22.8503
            ],
            [
              -46.762,
              -22.8483
            ],
            [
              -46.7609,
              -22.8479
            ],
            [
              -46.7612,
              -22.8455
            ],
            [
              -46.7604,
              -22.8408
            ],
            [
              -46.7608,
              -22.8373
            ],
            [
              -46.7604,
              -22.836
            ],
            [
              -46.758,
              -22.8334
            ],
            [
              -46.7573,
              -22.8319
            ],
            [
              -46.7561,
              -22.8268
            ],
            [
              -46.7558,
              -22.8241
            ],
            [
              -46.7545,
              -22.8224
            ],
            [
              -46.7506,
              -22.8194
            ],
            [
              -46.7489,
              -22.8193
            ],
            [
              -46.7461,
              -22.8233
            ],
            [
              -46.7399,
              -22.8238
            ],
            [
              -46.7378,
              -22.8196
            ],
            [
              -46.7351,
              -22.818
            ],
            [
              -46.7311,
              -22.8174
            ],
            [
              -46.7295,
              -22.8168
            ],
            [
              -46.73,
              -22.8138
            ],
            [
              -46.729,
              -22.8125
            ],
            [
              -46.7289,
              -22.8098
            ],
            [
              -46.7293,
              -22.8066
            ],
            [
              -46.7285,
              -22.8008
            ],
            [
              -46.7255,
              -22.7971
            ],
            [
              -46.7251,
              -22.7957
            ],
            [
              -46.7252,
              -22.7911
            ],
            [
              -46.7247,
              -22.7894
            ],
            [
              -46.7235,
              -22.7877
            ],
            [
              -46.7213,
              -22.7837
            ],
            [
              -46.7183,
              -22.7825
            ],
            [
              -46.7141,
              -22.7825
            ],
            [
              -46.7101,
              -22.7815
            ],
            [
              -46.7081,
              -22.7795
            ],
            [
              -46.7093,
              -22.7773
            ],
            [
              -46.7091,
              -22.7751
            ],
            [
              -46.7103,
              -22.7742
            ],
            [
              -46.7104,
              -22.773
            ],
            [
              -46.7091,
              -22.7716
            ],
            [
              -46.709,
              -22.7704
            ],
            [
              -46.708,
              -22.7686
            ],
            [
              -46.7089,
              -22.768
            ],
            [
              -46.7052,
              -22.7649
            ],
            [
              -46.7048,
              -22.7637
            ],
            [
              -46.7032,
              -22.7623
            ],
            [
              -46.7026,
              -22.7612
            ],
            [
              -46.7011,
              -22.7604
            ],
            [
              -46.699,
              -22.76
            ],
            [
              -46.698,
              -22.7586
            ],
            [
              -46.6968,
              -22.7596
            ],
            [
              -46.6952,
              -22.7592
            ],
            [
              -46.6936,
              -22.7573
            ],
            [
              -46.6936,
              -22.7565
            ],
            [
              -46.6922,
              -22.7549
            ],
            [
              -46.6905,
              -22.7539
            ],
            [
              -46.6885,
              -22.7512
            ],
            [
              -46.6861,
              -22.7511
            ],
            [
              -46.6829,
              -22.7491
            ],
            [
              -46.6828,
              -22.7481
            ],
            [
              -46.684,
              -22.7471
            ],
            [
              -46.683,
              -22.7456
            ],
            [
              -46.6841,
              -22.7448
            ],
            [
              -46.6877,
              -22.7472
            ],
            [
              -46.6888,
              -22.7458
            ],
            [
              -46.6844,
              -22.7424
            ],
            [
              -46.6826,
              -22.7399
            ],
            [
              -46.6813,
              -22.7393
            ],
            [
              -46.6808,
              -22.738
            ],
            [
              -46.683,
              -22.737
            ],
            [
              -46.6871,
              -22.7322
            ],
            [
              -46.6866,
              -22.7301
            ],
            [
              -46.69,
              -22.7291
            ],
            [
              -46.6912,
              -22.7281
            ],
            [
              -46.6921,
              -22.7261
            ],
            [
              -46.6921,
              -22.7247
            ],
            [
              -46.6954,
              -22.7228
            ],
            [
              -46.6966,
              -22.7234
            ],
            [
              -46.6976,
              -22.723
            ],
            [
              -46.6983,
              -22.7242
            ],
            [
              -46.7,
              -22.7243
            ],
            [
              -46.6988,
              -22.722
            ],
            [
              -46.6982,
              -22.72
            ],
            [
              -46.6988,
              -22.7164
            ],
            [
              -46.7003,
              -22.7151
            ],
            [
              -46.7013,
              -22.7155
            ],
            [
              -46.7019,
              -22.714
            ],
            [
              -46.7041,
              -22.7148
            ],
            [
              -46.7052,
              -22.7144
            ],
            [
              -46.7084,
              -22.7144
            ],
            [
              -46.7091,
              -22.7131
            ],
            [
              -46.7095,
              -22.7103
            ],
            [
              -46.7102,
              -22.7084
            ],
            [
              -46.7119,
              -22.7068
            ],
            [
              -46.7119,
              -22.7053
            ],
            [
              -46.7097,
              -22.7025
            ],
            [
              -46.7108,
              -22.7016
            ],
            [
              -46.7109,
              -22.6989
            ],
            [
              -46.7133,
              -22.6996
            ],
            [
              -46.7142,
              -22.6987
            ],
            [
              -46.7174,
              -22.7002
            ],
            [
              -46.7184,
              -22.698
            ],
            [
              -46.72,
              -22.6973
            ],
            [
              -46.7208,
              -22.6951
            ],
            [
              -46.7198,
              -22.6935
            ],
            [
              -46.7209,
              -22.6923
            ],
            [
              -46.7167,
              -22.6905
            ],
            [
              -46.7183,
              -22.6878
            ],
            [
              -46.7189,
              -22.686
            ],
            [
              -46.7213,
              -22.6856
            ],
            [
              -46.7256,
              -22.6842
            ],
            [
              -46.7283,
              -22.6816
            ],
            [
              -46.7262,
              -22.678
            ],
            [
              -46.7259,
              -22.6766
            ],
            [
              -46.7243,
              -22.6751
            ],
            [
              -46.7239,
              -22.6735
            ],
            [
              -46.7264,
              -22.6723
            ],
            [
              -46.7279,
              -22.6702
            ],
            [
              -46.7269,
              -22.6667
            ],
            [
              -46.7272,
              -22.6623
            ],
            [
              -46.7262,
              -22.6615
            ],
            [
              -46.7267,
              -22.6602
            ],
            [
              -46.7265,
              -22.6565
            ],
            [
              -46.7277,
              -22.6549
            ],
            [
              -46.7304,
              -22.6544
            ],
            [
              -46.7327,
              -22.6532
            ],
            [
              -46.7393,
              -22.6512
            ],
            [
              -46.742,
              -22.6513
            ],
            [
              -46.7433,
              -22.6508
            ],
            [
              -46.7523,
              -22.6328
            ],
            [
              -46.7552,
              -22.6281
            ],
            [
              -46.7554,
              -22.6265
            ],
            [
              -46.755,
              -22.6247
            ],
            [
              -46.7539,
              -22.6224
            ],
            [
              -46.7529,
              -22.6213
            ],
            [
              -46.7496,
              -22.6191
            ],
            [
              -46.7494,
              -22.6175
            ],
            [
              -46.7514,
              -22.6167
            ],
            [
              -46.7552,
              -22.6161
            ],
            [
              -46.7569,
              -22.6155
            ],
            [
              -46.7586,
              -22.6155
            ],
            [
              -46.7615,
              -22.6123
            ],
            [
              -46.7641,
              -22.6075
            ],
            [
              -46.7663,
              -22.6041
            ],
            [
              -46.7652,
              -22.6013
            ],
            [
              -46.7641,
              -22.5995
            ],
            [
              -46.7628,
              -22.5984
            ],
            [
              -46.76,
              -22.5976
            ],
            [
              -46.7582,
              -22.5963
            ],
            [
              -46.7557,
              -22.5929
            ],
            [
              -46.7545,
              -22.5921
            ],
            [
              -46.7499,
              -22.5906
            ],
            [
              -46.7482,
              -22.591
            ],
            [
              -46.7453,
              -22.5934
            ],
            [
              -46.7421,
              -22.5947
            ],
            [
              -46.7369,
              -22.5957
            ],
            [
              -46.7351,
              -22.5956
            ],
            [
              -46.735,
              -22.5942
            ],
            [
              -46.7359,
              -22.5924
            ],
            [
              -46.7386,
              -22.5893
            ],
            [
              -46.745,
              -22.584
            ],
            [
              -46.7481,
              -22.5807
            ],
            [
              -46.7505,
              -22.58
            ],
            [
              -46.7502,
              -22.5786
            ],
            [
              -46.7511,
              -22.5771
            ],
            [
              -46.7525,
              -22.5761
            ],
            [
              -46.754,
              -22.5743
            ],
            [
              -46.7551,
              -22.5722
            ],
            [
              -46.755,
              -22.5714
            ],
            [
              -46.7567,
              -22.5695
            ],
            [
              -46.7591,
              -22.5688
            ],
            [
              -46.7608,
              -22.5669
            ],
            [
              -46.7617,
              -22.5673
            ],
            [
              -46.7656,
              -22.5667
            ],
            [
              -46.7742,
              -22.5629
            ],
            [
              -46.7761,
              -22.5633
            ],
            [
              -46.7777,
              -22.5648
            ],
            [
              -46.7802,
              -22.5637
            ],
            [
              -46.7814,
              -22.5621
            ],
            [
              -46.7841,
              -22.5608
            ],
            [
              -46.7849,
              -22.5588
            ],
            [
              -46.7859,
              -22.5582
            ],
            [
              -46.7856,
              -22.5558
            ],
            [
              -46.784,
              -22.5541
            ],
            [
              -46.7842,
              -22.5506
            ],
            [
              -46.7827,
              -22.5487
            ],
            [
              -46.784,
              -22.5462
            ],
            [
              -46.7851,
              -22.5466
            ],
            [
              -46.7871,
              -22.5461
            ],
            [
              -46.7888,
              -22.5452
            ],
            [
              -46.7906,
              -22.5457
            ],
            [
              -46.7929,
              -22.5449
            ],
            [
              -46.7928,
              -22.544
            ],
            [
              -46.7951,
              -22.5426
            ],
            [
              -46.7963,
              -22.5412
            ],
            [
              -46.7977,
              -22.5414
            ],
            [
              -46.7977,
              -22.5432
            ],
            [
              -46.7987,
              -22.5447
            ],
            [
              -46.8011,
              -22.5471
            ],
            [
              -46.8027,
              -22.5478
            ],
            [
              -46.8057,
              -22.547
            ],
            [
              -46.808,
              -22.5453
            ],
            [
              -46.8098,
              -22.5453
            ],
            [
              -46.8104,
              -22.5461
            ],
            [
              -46.8108,
              -22.5488
            ],
            [
              -46.8144,
              -22.5517
            ],
            [
              -46.8174,
              -22.5523
            ],
            [
              -46.8187,
              -22.5532
            ],
            [
              -46.8188,
              -22.557
            ],
            [
              -46.8195,
              -22.5584
            ],
            [
              -46.8201,
              -22.5612
            ],
            [
              -46.8223,
              -22.5638
            ],
            [
              -46.8237,
              -22.5662
            ],
            [
              -46.8259,
              -22.5688
            ],
            [
              -46.8277,
              -22.5745
            ],
            [
              -46.831,
              -22.5778
            ],
            [
              -46.8325,
              -22.579
            ],
            [
              -46.8349,
              -22.5795
            ],
            [
              -46.8365,
              -22.5783
            ],
            [
              -46.8381,
              -22.579
            ],
            [
              -46.8413,
              -22.5788
            ],
            [
              -46.8443,
              -22.5789
            ],
            [
              -46.8481,
              -22.5806
            ],
            [
              -46.8506,
              -22.5804
            ],
            [
              -46.8532,
              -22.5799
            ],
            [
              -46.8546,
              -22.58
            ],
            [
              -46.8593,
              -22.5818
            ],
            [
              -46.8609,
              -22.5831
            ],
            [
              -46.8619,
              -22.5849
            ],
            [
              -46.8644,
              -22.5862
            ],
            [
              -46.8677,
              -22.5855
            ],
            [
              -46.8693,
              -22.5839
            ],
            [
              -46.8709,
              -22.5841
            ],
            [
              -46.8729,
              -22.5854
            ],
            [
              -46.8742,
              -22.5874
            ],
            [
              -46.8726,
              -22.5872
            ],
            [
              -46.8707,
              -22.5886
            ],
            [
              -46.87,
              -22.5896
            ],
            [
              -46.8705,
              -22.5918
            ],
            [
              -46.8703,
              -22.5942
            ],
            [
              -46.8694,
              -22.5953
            ],
            [
              -46.8654,
              -22.5971
            ],
            [
              -46.8642,
              -22.5987
            ],
            [
              -46.8636,
              -22.6007
            ],
            [
              -46.8637,
              -22.6025
            ],
            [
              -46.8656,
              -22.6043
            ],
            [
              -46.8686,
              -22.6055
            ],
            [
              -46.8699,
              -22.6074
            ],
            [
              -46.8719,
              -22.6083
            ],
            [
              -46.8728,
              -22.6099
            ],
            [
              -46.8783,
              -22.6135
            ],
            [
              -46.8796,
              -22.6147
            ],
            [
              -46.8807,
              -22.6167
            ],
            [
              -46.8825,
              -22.6185
            ],
            [
              -46.8859,
              -22.6173
            ],
            [
              -46.8872,
              -22.6187
            ],
            [
              -46.8887,
              -22.6192
            ],
            [
              -46.8907,
              -22.6186
            ],
            [
              -46.8918,
              -22.621
            ],
            [
              -46.8934,
              -22.6228
            ],
            [
              -46.8974,
              -22.6249
            ],
            [
              -46.8976,
              -22.6264
            ],
            [
              -46.8987,
              -22.628
            ],
            [
              -46.897,
              -22.6301
            ],
            [
              -46.8953,
              -22.6301
            ],
            [
              -46.8948,
              -22.6313
            ],
            [
              -46.8949,
              -22.6332
            ],
            [
              -46.8944,
              -22.6353
            ],
            [
              -46.8934,
              -22.6369
            ],
            [
              -46.8944,
              -22.6382
            ],
            [
              -46.8964,
              -22.639
            ],
            [
              -46.8974,
              -22.6406
            ],
            [
              -46.8982,
              -22.6431
            ],
            [
              -46.8983,
              -22.6485
            ],
            [
              -46.8975,
              -22.6505
            ],
            [
              -46.8971,
              -22.6536
            ],
            [
              -46.8978,
              -22.6569
            ],
            [
              -46.8994,
              -22.6573
            ],
            [
              -46.9015,
              -22.6563
            ],
            [
              -46.9039,
              -22.6568
            ],
            [
              -46.906,
              -22.6592
            ],
            [
              -46.9066,
              -22.6604
            ],
            [
              -46.908,
              -22.6613
            ],
            [
              -46.9095,
              -22.6647
            ],
            [
              -46.9111,
              -22.666
            ],
            [
              -46.9136,
              -22.6668
            ],
            [
              -46.915,
              -22.6682
            ],
            [
              -46.9189,
              -22.67
            ],
            [
              -46.9202,
              -22.6711
            ],
            [
              -46.9215,
              -22.671
            ],
            [
              -46.9226,
              -22.6728
            ],
            [
              -46.926,
              -22.6719
            ],
            [
              -46.9277,
              -22.6741
            ],
            [
              -46.9298,
              -22.6743
            ],
            [
              -46.9297,
              -22.6759
            ],
            [
              -46.9319,
              -22.679
            ],
            [
              -46.932,
              -22.6817
            ],
            [
              -46.9307,
              -22.6821
            ],
            [
              -46.9287,
              -22.6812
            ],
            [
              -46.9275,
              -22.6832
            ],
            [
              -46.928,
              -22.6857
            ],
            [
              -46.9264,
              -22.6867
            ],
            [
              -46.9223,
              -22.687
            ],
            [
              -46.9215,
              -22.6894
            ],
            [
              -46.919,
              -22.691
            ],
            [
              -46.9155,
              -22.6958
            ],
            [
              -46.9144,
              -22.6979
            ],
            [
              -46.9149,
              -22.6992
            ],
            [
              -46.9138,
              -22.7
            ],
            [
              -46.911,
              -22.6998
            ],
            [
              -46.9107,
              -22.6988
            ],
            [
              -46.9117,
              -22.696
            ],
            [
              -46.9101,
              -22.6929
            ],
            [
              -46.9098,
              -22.6866
            ],
            [
              -46.9077,
              -22.687
            ],
            [
              -46.9056,
              -22.6859
            ],
            [
              -46.9028,
              -22.6857
            ],
            [
              -46.9014,
              -22.6847
            ],
            [
              -46.9003,
              -22.6871
            ],
            [
              -46.8977,
              -22.6894
            ],
            [
              -46.8963,
              -22.6889
            ],
            [
              -46.8931,
              -22.6885
            ],
            [
              -46.8909,
              -22.687
            ],
            [
              -46.891,
              -22.6859
            ],
            [
              -46.8874,
              -22.6856
            ],
            [
              -46.8862,
              -22.6862
            ],
            [
              -46.884,
              -22.6883
            ],
            [
              -46.8828,
              -22.6887
            ],
            [
              -46.8831,
              -22.69
            ],
            [
              -46.881,
              -22.6899
            ],
            [
              -46.8796,
              -22.6909
            ],
            [
              -46.8799,
              -22.6932
            ],
            [
              -46.8785,
              -22.6969
            ],
            [
              -46.8797,
              -22.7022
            ],
            [
              -46.8809,
              -22.7043
            ],
            [
              -46.881,
              -22.7062
            ],
            [
              -46.8828,
              -22.7083
            ],
            [
              -46.8826,
              -22.7097
            ],
            [
              -46.8841,
              -22.7129
            ],
            [
              -46.8846,
              -22.7156
            ],
            [
              -46.8835,
              -22.7171
            ],
            [
              -46.8808,
              -22.719
            ],
            [
              -46.8782,
              -22.7187
            ],
            [
              -46.8735,
              -22.7173
            ],
            [
              -46.871,
              -22.72
            ],
            [
              -46.8697,
              -22.7207
            ],
            [
              -46.8679,
              -22.7232
            ],
            [
              -46.8673,
              -22.7253
            ],
            [
              -46.8657,
              -22.7268
            ],
            [
              -46.8636,
              -22.7281
            ],
            [
              -46.8607,
              -22.7341
            ],
            [
              -46.8606,
              -22.7359
            ],
            [
              -46.8587,
              -22.7375
            ],
            [
              -46.8586,
              -22.7392
            ],
            [
              -46.8604,
              -22.744
            ],
            [
              -46.8597,
              -22.7461
            ],
            [
              -46.8581,
              -22.7476
            ],
            [
              -46.8568,
              -22.748
            ],
            [
              -46.854,
              -22.7483
            ],
            [
              -46.8485,
              -22.7499
            ],
            [
              -46.8497,
              -22.7541
            ],
            [
              -46.8498,
              -22.7605
            ],
            [
              -46.8481,
              -22.7623
            ],
            [
              -46.8457,
              -22.7631
            ],
            [
              -46.8442,
              -22.7652
            ],
            [
              -46.8445,
              -22.7684
            ],
            [
              -46.8426,
              -22.7702
            ],
            [
              -46.8368,
              -22.7747
            ],
            [
              -46.8353,
              -22.7764
            ],
            [
              -46.8357,
              -22.7995
            ],
            [
              -46.8312,
              -22.8008
            ],
            [
              -46.8295,
              -22.8016
            ],
            [
              -46.829,
              -22.804
            ],
            [
              -46.8318,
              -22.8061
            ],
            [
              -46.8328,
              -22.8075
            ],
            [
              -46.8334,
              -22.8094
            ],
            [
              -46.8341,
              -22.814
            ],
            [
              -46.8364,
              -22.8189
            ],
            [
              -46.8365,
              -22.8235
            ],
            [
              -46.8388,
              -22.8238
            ],
            [
              -46.8402,
              -22.8254
            ],
            [
              -46.8384,
              -22.8306
            ],
            [
              -46.8373,
              -22.8321
            ],
            [
              -46.8367,
              -22.8348
            ],
            [
              -46.8367,
              -22.8373
            ],
            [
              -46.8359,
              -22.8415
            ],
            [
              -46.8371,
              -22.8434
            ]
          ]
        ]
      },
      "properties": {
        "codarea": "3501905",
        "nome_municipio": "Amparo",
        "codigo_ibge": 3501905
      }
    },
    {
      "type": "Feature",
      "geometry": {
        "type": "Polygon",
        "coordinates": [
          [
            [
              -47.0548,
              -22.5707
            ],
            [
              -47.0563,
              -22.5712
            ],
            [
              -47.0584,
              -22.5738
            ],
            [
              -47.0606,
              -22.575
            ],
            [
              -47.0618,
              -22.5765
            ],
            [
              -47.062,
              -22.5788
            ],
            [
              -47.0643,
              -22.5797
            ],
            [
              -47.0682,
              -22.5795
            ],
            [
              -47.0709,
              -22.5786
            ],
            [
              -47.0748,
              -22.5786
            ],
            [
              -47.0768,
              -22.579
            ],
            [
              -47.0778,
              -22.5814
            ],
            [
              -47.0786,
              -22.5823
            ],
            [
              -47.0801,
              -22.5829
            ],
            [
              -47.0825,
              -22.583
            ],
            [
              -47.0842,
              -22.5852
            ],
            [
              -47.0852,
              -22.5847
            ],
            [
              -47.0869,
              -22.5851
            ],
            [
              -47.089,
              -22.5871
            ],
            [
              -47.0875,
              -22.5877
            ],
            [
              -47.0857,
              -22.5909
            ],
            [
              -47.0846,
              -22.5944
            ],
            [
              -47.0836,
              -22.5963
            ],
            [
              -47.0839,
              -22.5974
            ],
            [
              -47.0838,
              -22.6012
            ],
            [
              -47.0828,
              -22.6026
            ],
            [
              -47.0811,
              -22.6066
            ],
            [
              -47.0801,
              -22.6079
            ],
            [
              -47.0794,
              -22.6109
            ],
            [
              -47.0834,
              -22.6153
            ],
            [
              -47.0849,
              -22.6165
            ],
            [
              -47.0868,
              -22.617
            ],
            [
              -47.0888,
              -22.6168
            ],
            [
              -47.0916,
              -22.6176
            ],
            [
              -47.0894,
              -22.624
            ],
            [
              -47.0896,
              -22.6276
            ],
            [
              -47.0915,
              -22.6289
            ],
            [
              -47.0931,
              -22.6317
            ],
            [
              -47.0964,
              -22.6349
            ],
            [
              -47.0974,
              -22.6353
            ],
            [
              -47.0967,
              -22.6362
            ],
            [
              -47.0947,
              -22.6372
            ],
            [
              -47.0932,
              -22.6384
            ],
            [
              -47.0924,
              -22.6401
            ],
            [
              -47.1061,
              -22.6537
            ],
            [
              -47.108,
              -22.6541
            ],
            [
              -47.1108,
              -22.6527
            ],
            [
              -47.1129,
              -22.6526
            ],
            [
              -47.1145,
              -22.6535
            ],
            [
              -47.1155,
              -22.6559
            ],
            [
              -47.1157,
              -22.6591
            ],
            [
              -47.1149,
              -22.6612
            ],
            [
              -47.1099,
              -22.6641
            ],
            [
              -47.1087,
              -22.6652
            ],
            [
              -47.1083,
              -22.6691
            ],
            [
              -47.1059,
              -22.6727
            ],
            [
              -47.1039,
              -22.6778
            ],
            [
              -47.1035,
              -22.6804
            ],
            [
              -47.1025,
              -22.6826
            ],
            [
              -47.1028,
              -22.6872
            ],
            [
              -47.1035,
              -22.6901
            ],
            [
              -47.1021,
              -22.6879
            ],
            [
              -47.1007,
              -22.6878
            ],
            [
              -47.0996,
              -22.6894
            ],
            [
              -47.0979,
              -22.689
            ],
            [
              -47.0986,
              -22.6862
            ],
            [
              -47.0978,
              -22.6856
            ],
            [
              -47.096,
              -22.686
            ],
            [
              -47.0953,
              -22.6872
            ],
            [
              -47.0933,
              -22.6877
            ],
            [
              -47.0924,
              -22.6872
            ],
            [
              -47.0914,
              -22.6854
            ],
            [
              -47.0893,
              -22.6862
            ],
            [
              -47.0877,
              -22.6881
            ],
            [
              -47.0862,
              -22.688
            ],
            [
              -47.083,
              -22.6871
            ],
            [
              -47.0819,
              -22.6858
            ],
            [
              -47.0739,
              -22.6803
            ],
            [
              -47.0757,
              -22.6799
            ],
            [
              -47.0771,
              -22.6784
            ],
            [
              -47.0793,
              -22.6789
            ],
            [
              -47.0785,
              -22.6764
            ],
            [
              -47.0767,
              -22.6747
            ],
            [
              -47.0742,
              -22.6729
            ],
            [
              -47.0719,
              -22.6717
            ],
            [
              -47.0706,
              -22.6705
            ],
            [
              -47.0707,
              -22.6653
            ],
            [
              -47.068,
              -22.6603
            ],
            [
              -47.0678,
              -22.6572
            ],
            [
              -47.0662,
              -22.656
            ],
            [
              -47.0595,
              -22.6527
            ],
            [
              -47.0578,
              -22.6507
            ],
            [
              -47.0557,
              -22.6469
            ],
            [
              -47.0534,
              -22.6464
            ],
            [
              -47.0499,
              -22.6464
            ],
            [
              -47.046,
              -22.6471
            ],
            [
              -47.0438,
              -22.649
            ],
            [
              -47.0432,
              -22.6526
            ],
            [
              -47.044,
              -22.6544
            ],
            [
              -47.0453,
              -22.6559
            ],
            [
              -47.0411,
              -22.6607
            ],
            [
              -47.0393,
              -22.659
            ],
            [
              -47.0356,
              -22.6599
            ],
            [
              -47.0335,
              -22.6601
            ],
            [
              -47.0301,
              -22.6595
            ],
            [
              -47.0291,
              -22.659
            ],
            [
              -47.0264,
              -22.6609
            ],
            [
              -47.024,
              -22.6612
            ],
            [
              -47.0225,
              -22.6589
            ],
            [
              -47.0205,
              -22.6594
            ],
            [
              -47.0187,
              -22.6588
            ],
            [
              -47.0174,
              -22.6572
            ],
            [
              -47.0161,
              -22.6569
            ],
            [
              -47.0172,
              -22.6546
            ],
            [
              -47.0185,
              -22.6546
            ],
            [
              -47.019,
              -22.6537
            ],
            [
              -47.021,
              -22.652
            ],
            [
              -47.0226,
              -22.65
            ],
            [
              -47.0224,
              -22.6467
            ],
            [
              -47.0218,
              -22.6454
            ],
            [
              -47.0219,
              -22.6439
            ],
            [
              -47.0209,
              -22.643
            ],
            [
              -47.018,
              -22.6422
            ],
            [
              -47.0314,
              -22.619
            ],
            [
              -47.0319,
              -22.6175
            ],
            [
              -47.0319,
              -22.6142
            ],
            [
              -47.0311,
              -22.6117
            ],
            [
              -47.0312,
              -22.6074
            ],
            [
              -47.032,
              -22.6055
            ],
            [
              -47.0336,
              -22.6033
            ],
            [
              -47.0347,
              -22.6005
            ],
            [
              -47.0346,
              -22.5979
            ],
            [
              -47.0356,
              -22.5956
            ],
            [
              -47.0357,
              -22.594
            ],
            [
              -47.0363,
              -22.5927
            ],
            [
              -47.0369,
              -22.5899
            ],
            [
              -47.0389,
              -22.5879
            ],
            [
              -47.0397,
              -22.5854
            ],
            [
              -47.0418,
              -22.5837
            ],
            [
              -47.0428,
              -22.5789
            ],
            [
              -47.0434,
              -22.5776
            ],
            [
              -47.045,
              -22.5756
            ],
            [
              -47.047,
              -22.5755
            ],
            [
              -47.0478,
              -22.5745
            ],
            [
              -47.0478,
              -22.5716
            ],
            [
              -47.0483,
              -22.5703
            ],
            [
              -47.0497,
              -22.5695
            ],
            [
              -47.0524,
              -22.5705
            ],
            [
              -47.0538,
              -22.5714
            ],
            [
              -47.0548,
              -22.5707
            ]
          ]
        ]
      },
      "properties": {
        "codarea": "3519055",
        "nome_municipio": "Holambra",
        "codigo_ibge": 3519055
      }
    },
    {
      "type": "Feature",
      "geometry": {
        "type": "Polygon",
        "coordinates": [
          [
            [
              -46.9312,
              -22.6829
            ],
            [
              -46.9342,
              -22.681
            ],
            [
              -46.936,
              -22.6791
            ],
            [
              -46.9368,
              -22.6773
            ],
            [
              -46.9373,
              -22.6745
            ],
            [
              -46.9383,
              -22.6736
            ],
            [
              -46.9404,
              -22.6731
            ],
            [
              -46.9425,
              -22.675
            ],
            [
              -46.9443,
              -22.6746
            ],
            [
              -46.9438,
              -22.6732
            ],
            [
              -46.9424,
              -22.6714
            ],
            [
              -46.9388,
              -22.6705
            ],
            [
              -46.9371,
              -22.669
            ],
            [
              -46.935,
              -22.6645
            ],
            [
              -46.9366,
              -22.6629
            ],
            [
              -46.9384,
              -22.6587
            ],
            [
              -46.9393,
              -22.6577
            ],
            [
              -46.9429,
              -22.657
            ],
            [
              -46.9452,
              -22.6559
            ],
            [
              -46.9575,
              -22.6539
            ],
            [
              -46.9609,
              -22.6532
            ],
            [
              -46.9666,
              -22.6517
            ],
            [
              -46.9688,
              -22.6524
            ],
            [
              -46.9723,
              -22.6519
            ],
            [
              -46.9742,
              -22.652
            ],
            [
              -46.976,
              -22.6527
            ],
            [
              -46.9784,
              -22.6544
            ],
            [
              -46.9801,
              -22.6539
            ],
            [
              -46.9809,
              -22.6516
            ],
            [
              -46.9827,
              -22.6489
            ],
            [
              -46.984,
              -22.6462
            ],
            [
              -46.9854,
              -22.64
            ],
            [
              -46.9868,
              -22.6356
            ],
            [
              -46.9896,
              -22.6345
            ],
            [
              -46.9934,
              -22.6339
            ],
            [
              -46.9966,
              -22.6317
            ],
            [
              -46.9985,
              -22.6312
            ],
            [
              -47.0009,
              -22.6311
            ],
            [
              -47.0024,
              -22.6319
            ],
            [
              -47.0049,
              -22.6342
            ],
            [
              -47.0064,
              -22.6336
            ],
            [
              -47.007,
              -22.6296
            ],
            [
              -47.007,
              -22.6242
            ],
            [
              -47.0074,
              -22.6201
            ],
            [
              -47.009,
              -22.6183
            ],
            [
              -47.0108,
              -22.6182
            ],
            [
              -47.0123,
              -22.6172
            ],
            [
              -47.013,
              -22.6107
            ],
            [
              -47.0138,
              -22.6087
            ],
            [
              -47.0147,
              -22.6086
            ],
            [
              -47.0175,
              -22.6109
            ],
            [
              -47.0197,
              -22.6122
            ],
            [
              -47.0233,
              -22.6128
            ],
            [
              -47.0252,
              -22.6139
            ],
            [
              -47.0272,
              -22.6156
            ],
            [
              -47.0294,
              -22.6185
            ],
            [
              -47.0314,
              -22.619
            ],
            [
              -47.018,
              -22.6422
            ],
            [
              -47.0209,
              -22.643
            ],
            [
              -47.0219,
              -22.6439
            ],
            [
              -47.0218,
              -22.6454
            ],
            [
              -47.0224,
              -22.6467
            ],
            [
              -47.0226,
              -22.65
            ],
            [
              -47.021,
              -22.652
            ],
            [
              -47.019,
              -22.6537
            ],
            [
              -47.0185,
              -22.6546
            ],
            [
              -47.0172,
              -22.6546
            ],
            [
              -47.0161,
              -22.6569
            ],
            [
              -47.0174,
              -22.6572
            ],
            [
              -47.0187,
              -22.6588
            ],
            [
              -47.0205,
              -22.6594
            ],
            [
              -47.0225,
              -22.6589
            ],
            [
              -47.024,
              -22.6612
            ],
            [
              -47.0264,
              -22.6609
            ],
            [
              -47.0291,
              -22.659
            ],
            [
              -47.0301,
              -22.6595
            ],
            [
              -47.0335,
              -22.6601
            ],
            [
              -47.0356,
              -22.6599
            ],
            [
              -47.0393,
              -22.659
            ],
            [
              -47.0411,
              -22.6607
            ],
            [
              -47.0453,
              -22.6559
            ],
            [
              -47.044,
              -22.6544
            ],
            [
              -47.0432,
              -22.6526
            ],
            [
              -47.0438,
              -22.649
            ],
            [
              -47.046,
              -22.6471
            ],
            [
              -47.0499,
              -22.6464
            ],
            [
              -47.0534,
              -22.6464
            ],
            [
              -47.0557,
              -22.6469
            ],
            [
              -47.0578,
              -22.6507
            ],
            [
              -47.0595,
              -22.6527
            ],
            [
              -47.0662,
              -22.656
            ],
            [
              -47.0678,
              -22.6572
            ],
            [
              -47.068,
              -22.6603
            ],
            [
              -47.0707,
              -22.6653
            ],
            [
              -47.0706,
              -22.6705
            ],
            [
              -47.0719,
              -22.6717
            ],
            [
              -47.0742,
              -22.6729
            ],
            [
              -47.0767,
              -22.6747
            ],
            [
              -47.0785,
              -22.6764
            ],
            [
              -47.0793,
              -22.6789
            ],
            [
              -47.0771,
              -22.6784
            ],
            [
              -47.0757,
              -22.6799
            ],
            [
              -47.0739,
              -22.6803
            ],
            [
              -47.0722,
              -22.68
            ],
            [
              -47.0692,
              -22.683
            ],
            [
              -47.0648,
              -22.6849
            ],
            [
              -47.064,
              -22.6867
            ],
            [
              -47.0613,
              -22.69
            ],
            [
              -47.0613,
              -22.6911
            ],
            [
              -47.0599,
              -22.6942
            ],
            [
              -47.0596,
              -22.696
            ],
            [
              -47.0599,
              -22.6977
            ],
            [
              -47.0612,
              -22.7002
            ],
            [
              -47.0641,
              -22.7015
            ],
            [
              -47.067,
              -22.7032
            ],
            [
              -47.0703,
              -22.7036
            ],
            [
              -47.0745,
              -22.7035
            ],
            [
              -47.0796,
              -22.7027
            ],
            [
              -47.0813,
              -22.703
            ],
            [
              -47.0822,
              -22.7043
            ],
            [
              -47.0833,
              -22.7071
            ],
            [
              -47.0841,
              -22.7119
            ],
            [
              -47.0846,
              -22.7133
            ],
            [
              -47.0858,
              -22.714
            ],
            [
              -47.0895,
              -22.7145
            ],
            [
              -47.0911,
              -22.7157
            ],
            [
              -47.0924,
              -22.7185
            ],
            [
              -47.0946,
              -22.7201
            ],
            [
              -47.0984,
              -22.7202
            ],
            [
              -47.1008,
              -22.7216
            ],
            [
              -47.1026,
              -22.7239
            ],
            [
              -47.1026,
              -22.7278
            ],
            [
              -47.1011,
              -22.7314
            ],
            [
              -47.0997,
              -22.7325
            ],
            [
              -47.0997,
              -22.7344
            ],
            [
              -47.1011,
              -22.7367
            ],
            [
              -47.102,
              -22.7399
            ],
            [
              -47.102,
              -22.7421
            ],
            [
              -47.1012,
              -22.7462
            ],
            [
              -47.1016,
              -22.749
            ],
            [
              -47.1013,
              -22.7504
            ],
            [
              -47.0992,
              -22.7497
            ],
            [
              -47.099,
              -22.7481
            ],
            [
              -47.0966,
              -22.7485
            ],
            [
              -47.0946,
              -22.748
            ],
            [
              -47.0937,
              -22.7488
            ],
            [
              -47.0897,
              -22.7479
            ],
            [
              -47.0893,
              -22.7463
            ],
            [
              -47.0866,
              -22.7461
            ],
            [
              -47.0869,
              -22.7445
            ],
            [
              -47.0841,
              -22.7436
            ],
            [
              -47.081,
              -22.7417
            ],
            [
              -47.0798,
              -22.742
            ],
            [
              -47.0789,
              -22.7435
            ],
            [
              -47.0774,
              -22.7432
            ],
            [
              -47.0782,
              -22.7419
            ],
            [
              -47.0781,
              -22.739
            ],
            [
              -47.0755,
              -22.737
            ],
            [
              -47.0768,
              -22.7351
            ],
            [
              -47.0764,
              -22.7324
            ],
            [
              -47.072,
              -22.7313
            ],
            [
              -47.069,
              -22.7296
            ],
            [
              -47.0682,
              -22.7302
            ],
            [
              -47.0677,
              -22.7322
            ],
            [
              -47.0661,
              -22.7317
            ],
            [
              -47.0651,
              -22.734
            ],
            [
              -47.0639,
              -22.7335
            ],
            [
              -47.062,
              -22.7339
            ],
            [
              -47.0617,
              -22.7354
            ],
            [
              -47.0593,
              -22.7352
            ],
            [
              -47.0588,
              -22.7387
            ],
            [
              -47.0553,
              -22.7385
            ],
            [
              -47.0551,
              -22.7371
            ],
            [
              -47.0539,
              -22.7361
            ],
            [
              -47.0519,
              -22.7369
            ],
            [
              -47.0511,
              -22.7392
            ],
            [
              -47.0498,
              -22.74
            ],
            [
              -47.0485,
              -22.7397
            ],
            [
              -47.0475,
              -22.7382
            ],
            [
              -47.0455,
              -22.7385
            ],
            [
              -47.0431,
              -22.7374
            ],
            [
              -47.041,
              -22.7351
            ],
            [
              -47.0347,
              -22.7329
            ],
            [
              -47.0329,
              -22.7338
            ],
            [
              -47.0311,
              -22.7319
            ],
            [
              -47.0248,
              -22.7344
            ],
            [
              -47.023,
              -22.7346
            ],
            [
              -47.0222,
              -22.7361
            ],
            [
              -47.021,
              -22.7367
            ],
            [
              -47.0173,
              -22.7373
            ],
            [
              -47.0152,
              -22.7348
            ],
            [
              -47.0133,
              -22.734
            ],
            [
              -47.0117,
              -22.7342
            ],
            [
              -47.0082,
              -22.7362
            ],
            [
              -47.0061,
              -22.7388
            ],
            [
              -47.0049,
              -22.7395
            ],
            [
              -47.0015,
              -22.7399
            ],
            [
              -47.0007,
              -22.7385
            ],
            [
              -46.9987,
              -22.7382
            ],
            [
              -46.9959,
              -22.7387
            ],
            [
              -46.9953,
              -22.741
            ],
            [
              -46.9938,
              -22.7431
            ],
            [
              -46.9917,
              -22.7425
            ],
            [
              -46.9913,
              -22.7444
            ],
            [
              -46.9905,
              -22.7455
            ],
            [
              -46.9847,
              -22.7456
            ],
            [
              -46.9819,
              -22.7443
            ],
            [
              -46.9792,
              -22.7453
            ],
            [
              -46.9781,
              -22.7447
            ],
            [
              -46.9757,
              -22.7442
            ],
            [
              -46.9723,
              -22.744
            ],
            [
              -46.9709,
              -22.7445
            ],
            [
              -46.9688,
              -22.7443
            ],
            [
              -46.9665,
              -22.7453
            ],
            [
              -46.9634,
              -22.7436
            ],
            [
              -46.9627,
              -22.7427
            ],
            [
              -46.9633,
              -22.7407
            ],
            [
              -46.9649,
              -22.7376
            ],
            [
              -46.9649,
              -22.7355
            ],
            [
              -46.9597,
              -22.7307
            ],
            [
              -46.9574,
              -22.7292
            ],
            [
              -46.9555,
              -22.7276
            ],
            [
              -46.9552,
              -22.7262
            ],
            [
              -46.9531,
              -22.7245
            ],
            [
              -46.9504,
              -22.7247
            ],
            [
              -46.9496,
              -22.724
            ],
            [
              -46.9492,
              -22.7209
            ],
            [
              -46.9525,
              -22.7181
            ],
            [
              -46.9539,
              -22.7181
            ],
            [
              -46.9548,
              -22.7171
            ],
            [
              -46.9528,
              -22.7152
            ],
            [
              -46.9513,
              -22.7131
            ],
            [
              -46.9509,
              -22.7119
            ],
            [
              -46.9496,
              -22.7108
            ],
            [
              -46.949,
              -22.7095
            ],
            [
              -46.9461,
              -22.7071
            ],
            [
              -46.9459,
              -22.705
            ],
            [
              -46.9473,
              -22.7021
            ],
            [
              -46.9472,
              -22.7005
            ],
            [
              -46.9514,
              -22.6967
            ],
            [
              -46.9526,
              -22.6916
            ],
            [
              -46.9535,
              -22.6904
            ],
            [
              -46.9506,
              -22.6902
            ],
            [
              -46.9492,
              -22.6892
            ],
            [
              -46.9491,
              -22.6879
            ],
            [
              -46.9429,
              -22.6881
            ],
            [
              -46.9394,
              -22.6869
            ],
            [
              -46.9376,
              -22.688
            ],
            [
              -46.9369,
              -22.6852
            ],
            [
              -46.935,
              -22.6865
            ],
            [
              -46.9346,
              -22.6842
            ],
            [
              -46.9325,
              -22.6849
            ],
            [
              -46.931,
              -22.684
            ],
            [
              -46.9312,
              -22.6829
            ]
          ]
        ]
      },
      "properties": {
        "codarea": "3524709",
        "nome_municipio": "Jaguariúna",
        "codigo_ibge": 3524709
      }
    },
    {
      "type": "Feature",
      "geometry": {
        "type": "Polygon",
        "coordinates": [
          [
            [
              -46.7126,
              -22.5037
            ],
            [
              -46.7116,
              -22.5047
            ],
            [
              -46.7098,
              -22.5085
            ],
            [
              -46.7081,
              -22.51
            ],
            [
              -46.7068,
              -22.5105
            ],
            [
              -46.7031,
              -22.5109
            ],
            [
              -46.6988,
              -22.5102
            ],
            [
              -46.6959,
              -22.5085
            ],
            [
              -46.6941,
              -22.5086
            ],
            [
              -46.693,
              -22.5102
            ],
            [
              -46.6915,
              -22.5106
            ],
            [
              -46.6895,
              -22.5084
            ],
            [
              -46.6875,
              -22.5071
            ],
            [
              -46.6853,
              -22.5086
            ],
            [
              -46.6838,
              -22.5084
            ],
            [
              -46.6829,
              -22.5072
            ],
            [
              -46.6801,
              -22.5071
            ],
            [
              -46.6796,
              -22.5116
            ],
            [
              -46.6783,
              -22.5144
            ],
            [
              -46.6775,
              -22.518
            ],
            [
              -46.6776,
              -22.5197
            ],
            [
              -46.6787,
              -22.5235
            ],
            [
              -46.6782,
              -22.5252
            ],
            [
              -46.6757,
              -22.5275
            ],
            [
              -46.6747,
              -22.5291
            ],
            [
              -46.673,
              -22.5305
            ],
            [
              -46.6718,
              -22.5329
            ],
            [
              -46.6715,
              -22.5357
            ],
            [
              -46.6739,
              -22.5377
            ],
            [
              -46.675,
              -22.5398
            ],
            [
              -46.675,
              -22.5411
            ],
            [
              -46.6686,
              -22.5418
            ],
            [
              -46.6673,
              -22.5426
            ],
            [
              -46.6656,
              -22.5445
            ],
            [
              -46.6637,
              -22.5448
            ],
            [
              -46.6617,
              -22.5468
            ],
            [
              -46.659,
              -22.5473
            ],
            [
              -46.6541,
              -22.5461
            ],
            [
              -46.6519,
              -22.546
            ],
            [
              -46.6511,
              -22.5468
            ],
            [
              -46.6493,
              -22.5502
            ],
            [
              -46.6485,
              -22.5536
            ],
            [
              -46.6475,
              -22.5534
            ],
            [
              -46.646,
              -22.5511
            ],
            [
              -46.645,
              -22.5508
            ],
            [
              -46.6438,
              -22.5519
            ],
            [
              -46.6431,
              -22.5503
            ],
            [
              -46.6428,
              -22.5479
            ],
            [
              -46.6416,
              -22.5465
            ],
            [
              -46.6397,
              -22.5462
            ],
            [
              -46.637,
              -22.547
            ],
            [
              -46.6332,
              -22.5436
            ],
            [
              -46.6295,
              -22.5438
            ],
            [
              -46.6292,
              -22.5418
            ],
            [
              -46.6283,
              -22.5414
            ],
            [
              -46.6259,
              -22.5438
            ],
            [
              -46.6242,
              -22.5442
            ],
            [
              -46.6242,
              -22.5466
            ],
            [
              -46.6235,
              -22.5474
            ],
            [
              -46.6215,
              -22.5462
            ],
            [
              -46.6228,
              -22.5429
            ],
            [
              -46.6219,
              -22.5407
            ],
            [
              -46.6209,
              -22.541
            ],
            [
              -46.6195,
              -22.5437
            ],
            [
              -46.6161,
              -22.5455
            ],
            [
              -46.6157,
              -22.5483
            ],
            [
              -46.6138,
              -22.5482
            ],
            [
              -46.6152,
              -22.5443
            ],
            [
              -46.6142,
              -22.5415
            ],
            [
              -46.6117,
              -22.5397
            ],
            [
              -46.6109,
              -22.5379
            ],
            [
              -46.6112,
              -22.5356
            ],
            [
              -46.6112,
              -22.5327
            ],
            [
              -46.6082,
              -22.5274
            ],
            [
              -46.6075,
              -22.5249
            ],
            [
              -46.6042,
              -22.5207
            ],
            [
              -46.6016,
              -22.5192
            ],
            [
              -46.5992,
              -22.5165
            ],
            [
              -46.599,
              -22.515
            ],
            [
              -46.601,
              -22.5116
            ],
            [
              -46.6037,
              -22.5137
            ],
            [
              -46.6069,
              -22.5149
            ],
            [
              -46.6095,
              -22.5136
            ],
            [
              -46.6103,
              -22.5119
            ],
            [
              -46.6121,
              -22.51
            ],
            [
              -46.6134,
              -22.51
            ],
            [
              -46.6157,
              -22.5116
            ],
            [
              -46.6172,
              -22.5112
            ],
            [
              -46.6186,
              -22.5132
            ],
            [
              -46.6199,
              -22.5139
            ],
            [
              -46.6219,
              -22.5139
            ],
            [
              -46.625,
              -22.5117
            ],
            [
              -46.6267,
              -22.5113
            ],
            [
              -46.6281,
              -22.5101
            ],
            [
              -46.6285,
              -22.5084
            ],
            [
              -46.6304,
              -22.5074
            ],
            [
              -46.6313,
              -22.5058
            ],
            [
              -46.6305,
              -22.5024
            ],
            [
              -46.6317,
              -22.5
            ],
            [
              -46.6342,
              -22.4987
            ],
            [
              -46.6335,
              -22.497
            ],
            [
              -46.6336,
              -22.4956
            ],
            [
              -46.6315,
              -22.4938
            ],
            [
              -46.6324,
              -22.4933
            ],
            [
              -46.6345,
              -22.4942
            ],
            [
              -46.6366,
              -22.493
            ],
            [
              -46.6399,
              -22.4926
            ],
            [
              -46.6428,
              -22.4905
            ],
            [
              -46.6456,
              -22.4932
            ],
            [
              -46.6467,
              -22.4934
            ],
            [
              -46.6487,
              -22.4925
            ],
            [
              -46.6505,
              -22.4904
            ],
            [
              -46.6537,
              -22.4873
            ],
            [
              -46.6579,
              -22.4848
            ],
            [
              -46.6594,
              -22.4835
            ],
            [
              -46.6606,
              -22.4796
            ],
            [
              -46.6606,
              -22.478
            ],
            [
              -46.6585,
              -22.4741
            ],
            [
              -46.6583,
              -22.4731
            ],
            [
              -46.6606,
              -22.4728
            ],
            [
              -46.6625,
              -22.4738
            ],
            [
              -46.6639,
              -22.4756
            ],
            [
              -46.6653,
              -22.4759
            ],
            [
              -46.6666,
              -22.4747
            ],
            [
              -46.6691,
              -22.4737
            ],
            [
              -46.6729,
              -22.4762
            ],
            [
              -46.6756,
              -22.4769
            ],
            [
              -46.6771,
              -22.4769
            ],
            [
              -46.681,
              -22.474
            ],
            [
              -46.6837,
              -22.4747
            ],
            [
              -46.6856,
              -22.4756
            ],
            [
              -46.6876,
              -22.4754
            ],
            [
              -46.6895,
              -22.4761
            ],
            [
              -46.6928,
              -22.4788
            ],
            [
              -46.6934,
              -22.4802
            ],
            [
              -46.6913,
              -22.4831
            ],
            [
              -46.6899,
              -22.4859
            ],
            [
              -46.6884,
              -22.4869
            ],
            [
              -46.6882,
              -22.4895
            ],
            [
              -46.6885,
              -22.4903
            ],
            [
              -46.6939,
              -22.4932
            ],
            [
              -46.6952,
              -22.4945
            ],
            [
              -46.6987,
              -22.4955
            ],
            [
              -46.7011,
              -22.4944
            ],
            [
              -46.7052,
              -22.4948
            ],
            [
              -46.706,
              -22.4958
            ],
            [
              -46.7082,
              -22.4965
            ],
            [
              -46.709,
              -22.4979
            ],
            [
              -46.7105,
              -22.4982
            ],
            [
              -46.7118,
              -22.4999
            ],
            [
              -46.7126,
              -22.5037
            ]
          ]
        ]
      },
      "properties": {
        "codarea": "3527009",
        "nome_municipio": "Lindóia",
        "codigo_ibge": 3527009
      }
    },
    {
      "type": "Feature",
      "geometry": {
        "type": "Polygon",
        "coordinates": [
          [
            [
              -46.7277,
              -22.6549
            ],
            [
              -46.7265,
              -22.6565
            ],
            [
              -46.7267,
              -22.6602
            ],
            [
              -46.7262,
              -22.6615
            ],
            [
              -46.7272,
              -22.6623
            ],
            [
              -46.7269,
              -22.6667
            ],
            [
              -46.7279,
              -22.6702
            ],
            [
              -46.7264,
              -22.6723
            ],
            [
              -46.7239,
              -22.6735
            ],
            [
              -46.7243,
              -22.6751
            ],
            [
              -46.7259,
              -22.6766
            ],
            [
              -46.7262,
              -22.678
            ],
            [
              -46.7283,
              -22.6816
            ],
            [
              -46.7256,
              -22.6842
            ],
            [
              -46.7213,
              -22.6856
            ],
            [
              -46.7189,
              -22.686
            ],
            [
              -46.7183,
              -22.6878
            ],
            [
              -46.7167,
              -22.6905
            ],
            [
              -46.7209,
              -22.6923
            ],
            [
              -46.7198,
              -22.6935
            ],
            [
              -46.7208,
              -22.6951
            ],
            [
              -46.72,
              -22.6973
            ],
            [
              -46.7184,
              -22.698
            ],
            [
              -46.7174,
              -22.7002
            ],
            [
              -46.7142,
              -22.6987
            ],
            [
              -46.7133,
              -22.6996
            ],
            [
              -46.7109,
              -22.6989
            ],
            [
              -46.7108,
              -22.7016
            ],
            [
              -46.7097,
              -22.7025
            ],
            [
              -46.7119,
              -22.7053
            ],
            [
              -46.7119,
              -22.7068
            ],
            [
              -46.7102,
              -22.7084
            ],
            [
              -46.7095,
              -22.7103
            ],
            [
              -46.7091,
              -22.7131
            ],
            [
              -46.7084,
              -22.7144
            ],
            [
              -46.7052,
              -22.7144
            ],
            [
              -46.7041,
              -22.7148
            ],
            [
              -46.7019,
              -22.714
            ],
            [
              -46.7013,
              -22.7155
            ],
            [
              -46.7003,
              -22.7151
            ],
            [
              -46.6988,
              -22.7164
            ],
            [
              -46.6982,
              -22.72
            ],
            [
              -46.6988,
              -22.722
            ],
            [
              -46.7,
              -22.7243
            ],
            [
              -46.6983,
              -22.7242
            ],
            [
              -46.6976,
              -22.723
            ],
            [
              -46.6966,
              -22.7234
            ],
            [
              -46.6954,
              -22.7228
            ],
            [
              -46.6921,
              -22.7247
            ],
            [
              -46.6921,
              -22.7261
            ],
            [
              -46.6912,
              -22.7281
            ],
            [
              -46.69,
              -22.7291
            ],
            [
              -46.6866,
              -22.7301
            ],
            [
              -46.6871,
              -22.7322
            ],
            [
              -46.683,
              -22.737
            ],
            [
              -46.6808,
              -22.738
            ],
            [
              -46.6813,
              -22.7393
            ],
            [
              -46.6826,
              -22.7399
            ],
            [
              -46.6844,
              -22.7424
            ],
            [
              -46.6888,
              -22.7458
            ],
            [
              -46.6877,
              -22.7472
            ],
            [
              -46.6841,
              -22.7448
            ],
            [
              -46.683,
              -22.7456
            ],
            [
              -46.684,
              -22.7471
            ],
            [
              -46.6828,
              -22.7481
            ],
            [
              -46.6829,
              -22.7491
            ],
            [
              -46.6861,
              -22.7511
            ],
            [
              -46.6885,
              -22.7512
            ],
            [
              -46.6905,
              -22.7539
            ],
            [
              -46.6922,
              -22.7549
            ],
            [
              -46.6936,
              -22.7565
            ],
            [
              -46.6936,
              -22.7573
            ],
            [
              -46.6952,
              -22.7592
            ],
            [
              -46.6968,
              -22.7596
            ],
            [
              -46.698,
              -22.7586
            ],
            [
              -46.699,
              -22.76
            ],
            [
              -46.7011,
              -22.7604
            ],
            [
              -46.7026,
              -22.7612
            ],
            [
              -46.7032,
              -22.7623
            ],
            [
              -46.7048,
              -22.7637
            ],
            [
              -46.7052,
              -22.7649
            ],
            [
              -46.7089,
              -22.768
            ],
            [
              -46.708,
              -22.7686
            ],
            [
              -46.709,
              -22.7704
            ],
            [
              -46.7091,
              -22.7716
            ],
            [
              -46.7104,
              -22.773
            ],
            [
              -46.7103,
              -22.7742
            ],
            [
              -46.7091,
              -22.7751
            ],
            [
              -46.7093,
              -22.7773
            ],
            [
              -46.7081,
              -22.7795
            ],
            [
              -46.7069,
              -22.7754
            ],
            [
              -46.7024,
              -22.7699
            ],
            [
              -46.7,
              -22.7693
            ],
            [
              -46.6985,
              -22.7685
            ],
            [
              -46.6964,
              -22.7708
            ],
            [
              -46.695,
              -22.7712
            ],
            [
              -46.6915,
              -22.7692
            ],
            [
              -46.6857,
              -22.7687
            ],
            [
              -46.682,
              -22.7696
            ],
            [
              -46.6791,
              -22.7695
            ],
            [
              -46.6749,
              -22.7676
            ],
            [
              -46.6698,
              -22.7678
            ],
            [
              -46.6655,
              -22.7685
            ],
            [
              -46.6609,
              -22.7688
            ],
            [
              -46.6603,
              -22.7677
            ],
            [
              -46.6584,
              -22.7667
            ],
            [
              -46.6559,
              -22.7671
            ],
            [
              -46.6526,
              -22.7664
            ],
            [
              -46.6512,
              -22.7648
            ],
            [
              -46.6495,
              -22.764
            ],
            [
              -46.6478,
              -22.7617
            ],
            [
              -46.6459,
              -22.7605
            ],
            [
              -46.6458,
              -22.7584
            ],
            [
              -46.6451,
              -22.7568
            ],
            [
              -46.6434,
              -22.7554
            ],
            [
              -46.6413,
              -22.7555
            ],
            [
              -46.6393,
              -22.7533
            ],
            [
              -46.6375,
              -22.7534
            ],
            [
              -46.6365,
              -22.7547
            ],
            [
              -46.6353,
              -22.7548
            ],
            [
              -46.6344,
              -22.754
            ],
            [
              -46.6324,
              -22.7539
            ],
            [
              -46.6298,
              -22.7545
            ],
            [
              -46.6274,
              -22.7559
            ],
            [
              -46.6269,
              -22.758
            ],
            [
              -46.6255,
              -22.7586
            ],
            [
              -46.6236,
              -22.758
            ],
            [
              -46.6214,
              -22.7594
            ],
            [
              -46.6189,
              -22.7583
            ],
            [
              -46.616,
              -22.7582
            ],
            [
              -46.6151,
              -22.7574
            ],
            [
              -46.6147,
              -22.7549
            ],
            [
              -46.6128,
              -22.7529
            ],
            [
              -46.6128,
              -22.7501
            ],
            [
              -46.6141,
              -22.7479
            ],
            [
              -46.615,
              -22.7451
            ],
            [
              -46.6152,
              -22.7421
            ],
            [
              -46.6164,
              -22.7402
            ],
            [
              -46.6173,
              -22.7362
            ],
            [
              -46.6164,
              -22.7349
            ],
            [
              -46.6162,
              -22.7325
            ],
            [
              -46.6168,
              -22.7317
            ],
            [
              -46.6191,
              -22.7309
            ],
            [
              -46.6209,
              -22.7285
            ],
            [
              -46.6212,
              -22.7245
            ],
            [
              -46.6218,
              -22.7231
            ],
            [
              -46.623,
              -22.7217
            ],
            [
              -46.626,
              -22.7192
            ],
            [
              -46.6271,
              -22.718
            ],
            [
              -46.6274,
              -22.7149
            ],
            [
              -46.626,
              -22.7111
            ],
            [
              -46.624,
              -22.7087
            ],
            [
              -46.6217,
              -22.7066
            ],
            [
              -46.621,
              -22.705
            ],
            [
              -46.6184,
              -22.7017
            ],
            [
              -46.618,
              -22.7
            ],
            [
              -46.6182,
              -22.6978
            ],
            [
              -46.6197,
              -22.6938
            ],
            [
              -46.6223,
              -22.692
            ],
            [
              -46.6239,
              -22.6898
            ],
            [
              -46.6236,
              -22.6882
            ],
            [
              -46.6215,
              -22.6862
            ],
            [
              -46.6204,
              -22.6835
            ],
            [
              -46.6208,
              -22.682
            ],
            [
              -46.6236,
              -22.6797
            ],
            [
              -46.6261,
              -22.6781
            ],
            [
              -46.6296,
              -22.6773
            ],
            [
              -46.6318,
              -22.6759
            ],
            [
              -46.632,
              -22.6745
            ],
            [
              -46.6291,
              -22.6702
            ],
            [
              -46.6301,
              -22.6678
            ],
            [
              -46.628,
              -22.6663
            ],
            [
              -46.6267,
              -22.6649
            ],
            [
              -46.6265,
              -22.6621
            ],
            [
              -46.6259,
              -22.6589
            ],
            [
              -46.6287,
              -22.6567
            ],
            [
              -46.6298,
              -22.655
            ],
            [
              -46.629,
              -22.6536
            ],
            [
              -46.631,
              -22.6554
            ],
            [
              -46.6324,
              -22.6553
            ],
            [
              -46.6348,
              -22.6524
            ],
            [
              -46.6398,
              -22.6524
            ],
            [
              -46.643,
              -22.6516
            ],
            [
              -46.6461,
              -22.6541
            ],
            [
              -46.6483,
              -22.6569
            ],
            [
              -46.6501,
              -22.6623
            ],
            [
              -46.6517,
              -22.6646
            ],
            [
              -46.6534,
              -22.6659
            ],
            [
              -46.6547,
              -22.666
            ],
            [
              -46.6568,
              -22.6653
            ],
            [
              -46.6578,
              -22.6642
            ],
            [
              -46.6593,
              -22.6596
            ],
            [
              -46.6605,
              -22.6573
            ],
            [
              -46.6607,
              -22.6548
            ],
            [
              -46.6621,
              -22.6524
            ],
            [
              -46.6624,
              -22.6498
            ],
            [
              -46.6633,
              -22.6473
            ],
            [
              -46.6658,
              -22.6449
            ],
            [
              -46.6678,
              -22.6437
            ],
            [
              -46.6687,
              -22.6413
            ],
            [
              -46.6693,
              -22.6381
            ],
            [
              -46.6713,
              -22.6351
            ],
            [
              -46.6722,
              -22.635
            ],
            [
              -46.6732,
              -22.6371
            ],
            [
              -46.6757,
              -22.6388
            ],
            [
              -46.6776,
              -22.6407
            ],
            [
              -46.678,
              -22.6432
            ],
            [
              -46.6788,
              -22.6457
            ],
            [
              -46.6814,
              -22.6475
            ],
            [
              -46.6855,
              -22.6481
            ],
            [
              -46.6879,
              -22.6494
            ],
            [
              -46.6911,
              -22.6492
            ],
            [
              -46.6943,
              -22.6481
            ],
            [
              -46.6957,
              -22.6483
            ],
            [
              -46.6974,
              -22.6503
            ],
            [
              -46.7011,
              -22.6515
            ],
            [
              -46.703,
              -22.6536
            ],
            [
              -46.7053,
              -22.6533
            ],
            [
              -46.7069,
              -22.6548
            ],
            [
              -46.7093,
              -22.6563
            ],
            [
              -46.7105,
              -22.6583
            ],
            [
              -46.7124,
              -22.6579
            ],
            [
              -46.7133,
              -22.6549
            ],
            [
              -46.7147,
              -22.654
            ],
            [
              -46.7188,
              -22.655
            ],
            [
              -46.7221,
              -22.6546
            ],
            [
              -46.7236,
              -22.655
            ],
            [
              -46.7277,
              -22.6549
            ]
          ]
        ]
      },
      "properties": {
        "codarea": "3531209",
        "nome_municipio": "Monte Alegre do Sul",
        "codigo_ibge": 3531209
      }
    },
    {
      "type": "Feature",
      "geometry": {
        "type": "Polygon",
        "coordinates": [
          [
            [
              -46.9574,
              -22.7292
            ],
            [
              -46.9543,
              -22.7306
            ],
            [
              -46.9527,
              -22.7325
            ],
            [
              -46.9506,
              -22.7336
            ],
            [
              -46.9499,
              -22.7353
            ],
            [
              -46.9471,
              -22.7369
            ],
            [
              -46.9465,
              -22.7386
            ],
            [
              -46.943,
              -22.7392
            ],
            [
              -46.9419,
              -22.7407
            ],
            [
              -46.9254,
              -22.751
            ],
            [
              -46.9049,
              -22.7628
            ],
            [
              -46.9061,
              -22.7646
            ],
            [
              -46.9053,
              -22.7666
            ],
            [
              -46.9043,
              -22.767
            ],
            [
              -46.9022,
              -22.7666
            ],
            [
              -46.9013,
              -22.7671
            ],
            [
              -46.9029,
              -22.7709
            ],
            [
              -46.9016,
              -22.7738
            ],
            [
              -46.9015,
              -22.7754
            ],
            [
              -46.8999,
              -22.7754
            ],
            [
              -46.8983,
              -22.7776
            ],
            [
              -46.8984,
              -22.7784
            ],
            [
              -46.9007,
              -22.7799
            ],
            [
              -46.9021,
              -22.7803
            ],
            [
              -46.9029,
              -22.7822
            ],
            [
              -46.9047,
              -22.7836
            ],
            [
              -46.9048,
              -22.785
            ],
            [
              -46.9031,
              -22.7863
            ],
            [
              -46.9006,
              -22.7871
            ],
            [
              -46.8991,
              -22.789
            ],
            [
              -46.8994,
              -22.7912
            ],
            [
              -46.8987,
              -22.7931
            ],
            [
              -46.8964,
              -22.7937
            ],
            [
              -46.8957,
              -22.7961
            ],
            [
              -46.8949,
              -22.7977
            ],
            [
              -46.8939,
              -22.7973
            ],
            [
              -46.8928,
              -22.7988
            ],
            [
              -46.8945,
              -22.8001
            ],
            [
              -46.8944,
              -22.8023
            ],
            [
              -46.893,
              -22.8034
            ],
            [
              -46.8947,
              -22.8059
            ],
            [
              -46.8948,
              -22.807
            ],
            [
              -46.8931,
              -22.8123
            ],
            [
              -46.8914,
              -22.8146
            ],
            [
              -46.8908,
              -22.8171
            ],
            [
              -46.8887,
              -22.8181
            ],
            [
              -46.8876,
              -22.8194
            ],
            [
              -46.8845,
              -22.8185
            ],
            [
              -46.8832,
              -22.8186
            ],
            [
              -46.8803,
              -22.8212
            ],
            [
              -46.8781,
              -22.8206
            ],
            [
              -46.8773,
              -22.8188
            ],
            [
              -46.8759,
              -22.8178
            ],
            [
              -46.8729,
              -22.8171
            ],
            [
              -46.8704,
              -22.8176
            ],
            [
              -46.868,
              -22.8174
            ],
            [
              -46.8673,
              -22.8186
            ],
            [
              -46.8676,
              -22.8259
            ],
            [
              -46.8672,
              -22.8273
            ],
            [
              -46.866,
              -22.8275
            ],
            [
              -46.8647,
              -22.8269
            ],
            [
              -46.8637,
              -22.8249
            ],
            [
              -46.8614,
              -22.8256
            ],
            [
              -46.8614,
              -22.8283
            ],
            [
              -46.8607,
              -22.8314
            ],
            [
              -46.8609,
              -22.8334
            ],
            [
              -46.8589,
              -22.8348
            ],
            [
              -46.8584,
              -22.8362
            ],
            [
              -46.8574,
              -22.8375
            ],
            [
              -46.8554,
              -22.8381
            ],
            [
              -46.8523,
              -22.8379
            ],
            [
              -46.8512,
              -22.8373
            ],
            [
              -46.8506,
              -22.8387
            ],
            [
              -46.8492,
              -22.8394
            ],
            [
              -46.8475,
              -22.8395
            ],
            [
              -46.8443,
              -22.8389
            ],
            [
              -46.843,
              -22.838
            ],
            [
              -46.8417,
              -22.8397
            ],
            [
              -46.8417,
              -22.8413
            ],
            [
              -46.8397,
              -22.8417
            ],
            [
              -46.8371,
              -22.8434
            ],
            [
              -46.8359,
              -22.8415
            ],
            [
              -46.8367,
              -22.8373
            ],
            [
              -46.8367,
              -22.8348
            ],
            [
              -46.8373,
              -22.8321
            ],
            [
              -46.8384,
              -22.8306
            ],
            [
              -46.8402,
              -22.8254
            ],
            [
              -46.8388,
              -22.8238
            ],
            [
              -46.8365,
              -22.8235
            ],
            [
              -46.8364,
              -22.8189
            ],
            [
              -46.8341,
              -22.814
            ],
            [
              -46.8334,
              -22.8094
            ],
            [
              -46.8328,
              -22.8075
            ],
            [
              -46.8318,
              -22.8061
            ],
            [
              -46.829,
              -22.804
            ],
            [
              -46.8295,
              -22.8016
            ],
            [
              -46.8312,
              -22.8008
            ],
            [
              -46.8357,
              -22.7995
            ],
            [
              -46.8353,
              -22.7764
            ],
            [
              -46.8368,
              -22.7747
            ],
            [
              -46.8426,
              -22.7702
            ],
            [
              -46.8445,
              -22.7684
            ],
            [
              -46.8442,
              -22.7652
            ],
            [
              -46.8457,
              -22.7631
            ],
            [
              -46.8481,
              -22.7623
            ],
            [
              -46.8498,
              -22.7605
            ],
            [
              -46.8497,
              -22.7541
            ],
            [
              -46.8485,
              -22.7499
            ],
            [
              -46.854,
              -22.7483
            ],
            [
              -46.8568,
              -22.748
            ],
            [
              -46.8581,
              -22.7476
            ],
            [
              -46.8597,
              -22.7461
            ],
            [
              -46.8604,
              -22.744
            ],
            [
              -46.8586,
              -22.7392
            ],
            [
              -46.8587,
              -22.7375
            ],
            [
              -46.8606,
              -22.7359
            ],
            [
              -46.8607,
              -22.7341
            ],
            [
              -46.8636,
              -22.7281
            ],
            [
              -46.8657,
              -22.7268
            ],
            [
              -46.8673,
              -22.7253
            ],
            [
              -46.8679,
              -22.7232
            ],
            [
              -46.8697,
              -22.7207
            ],
            [
              -46.871,
              -22.72
            ],
            [
              -46.8735,
              -22.7173
            ],
            [
              -46.8782,
              -22.7187
            ],
            [
              -46.8808,
              -22.719
            ],
            [
              -46.8835,
              -22.7171
            ],
            [
              -46.8846,
              -22.7156
            ],
            [
              -46.8841,
              -22.7129
            ],
            [
              -46.8826,
              -22.7097
            ],
            [
              -46.8828,
              -22.7083
            ],
            [
              -46.881,
              -22.7062
            ],
            [
              -46.8809,
              -22.7043
            ],
            [
              -46.8797,
              -22.7022
            ],
            [
              -46.8785,
              -22.6969
            ],
            [
              -46.8799,
              -22.6932
            ],
            [
              -46.8796,
              -22.6909
            ],
            [
              -46.881,
              -22.6899
            ],
            [
              -46.8831,
              -22.69
            ],
            [
              -46.8828,
              -22.6887
            ],
            [
              -46.884,
              -22.6883
            ],
            [
              -46.8862,
              -22.6862
            ],
            [
              -46.8874,
              -22.6856
            ],
            [
              -46.891,
              -22.6859
            ],
            [
              -46.8909,
              -22.687
            ],
            [
              -46.8931,
              -22.6885
            ],
            [
              -46.8963,
              -22.6889
            ],
            [
              -46.8977,
              -22.6894
            ],
            [
              -46.9003,
              -22.6871
            ],
            [
              -46.9014,
              -22.6847
            ],
            [
              -46.9028,
              -22.6857
            ],
            [
              -46.9056,
              -22.6859
            ],
            [
              -46.9077,
              -22.687
            ],
            [
              -46.9098,
              -22.6866
            ],
            [
              -46.9101,
              -22.6929
            ],
            [
              -46.9117,
              -22.696
            ],
            [
              -46.9107,
              -22.6988
            ],
            [
              -46.911,
              -22.6998
            ],
            [
              -46.9138,
              -22.7
            ],
            [
              -46.9149,
              -22.6992
            ],
            [
              -46.9144,
              -22.6979
            ],
            [
              -46.9155,
              -22.6958
            ],
            [
              -46.919,
              -22.691
            ],
            [
              -46.9215,
              -22.6894
            ],
            [
              -46.9223,
              -22.687
            ],
            [
              -46.9264,
              -22.6867
            ],
            [
              -46.928,
              -22.6857
            ],
            [
              -46.9275,
              -22.6832
            ],
            [
              -46.9287,
              -22.6812
            ],
            [
              -46.9307,
              -22.6821
            ],
            [
              -46.9312,
              -22.6829
            ],
            [
              -46.931,
              -22.684
            ],
            [
              -46.9325,
              -22.6849
            ],
            [
              -46.9346,
              -22.6842
            ],
            [
              -46.935,
              -22.6865
            ],
            [
              -46.9369,
              -22.6852
            ],
            [
              -46.9376,
              -22.688
            ],
            [
              -46.9394,
              -22.6869
            ],
            [
              -46.9429,
              -22.6881
            ],
            [
              -46.9491,
              -22.6879
            ],
            [
              -46.9492,
              -22.6892
            ],
            [
              -46.9506,
              -22.6902
            ],
            [
              -46.9535,
              -22.6904
            ],
            [
              -46.9526,
              -22.6916
            ],
            [
              -46.9514,
              -22.6967
            ],
            [
              -46.9472,
              -22.7005
            ],
            [
              -46.9473,
              -22.7021
            ],
            [
              -46.9459,
              -22.705
            ],
            [
              -46.9461,
              -22.7071
            ],
            [
              -46.949,
              -22.7095
            ],
            [
              -46.9496,
              -22.7108
            ],
            [
              -46.9509,
              -22.7119
            ],
            [
              -46.9513,
              -22.7131
            ],
            [
              -46.9528,
              -22.7152
            ],
            [
              -46.9548,
              -22.7171
            ],
            [
              -46.9539,
              -22.7181
            ],
            [
              -46.9525,
              -22.7181
            ],
            [
              -46.9492,
              -22.7209
            ],
            [
              -46.9496,
              -22.724
            ],
            [
              -46.9504,
              -22.7247
            ],
            [
              -46.9531,
              -22.7245
            ],
            [
              -46.9552,
              -22.7262
            ],
            [
              -46.9555,
              -22.7276
            ],
            [
              -46.9574,
              -22.7292
            ]
          ]
        ]
      },
      "properties": {
        "codarea": "3537107",
        "nome_municipio": "Pedreira",
        "codigo_ibge": 3537107
      }
    },
    {
      "type": "Feature",
      "geometry": {
        "type": "Polygon",
        "coordinates": [
          [
            [
              -46.7277,
              -22.6549
            ],
            [
              -46.7236,
              -22.655
            ],
            [
              -46.7221,
              -22.6546
            ],
            [
              -46.7188,
              -22.655
            ],
            [
              -46.7147,
              -22.654
            ],
            [
              -46.7133,
              -22.6549
            ],
            [
              -46.7124,
              -22.6579
            ],
            [
              -46.7105,
              -22.6583
            ],
            [
              -46.7093,
              -22.6563
            ],
            [
              -46.7069,
              -22.6548
            ],
            [
              -46.7053,
              -22.6533
            ],
            [
              -46.703,
              -22.6536
            ],
            [
              -46.7011,
              -22.6515
            ],
            [
              -46.6974,
              -22.6503
            ],
            [
              -46.6957,
              -22.6483
            ],
            [
              -46.6943,
              -22.6481
            ],
            [
              -46.6911,
              -22.6492
            ],
            [
              -46.6879,
              -22.6494
            ],
            [
              -46.6855,
              -22.6481
            ],
            [
              -46.6814,
              -22.6475
            ],
            [
              -46.6788,
              -22.6457
            ],
            [
              -46.678,
              -22.6432
            ],
            [
              -46.6776,
              -22.6407
            ],
            [
              -46.6757,
              -22.6388
            ],
            [
              -46.6732,
              -22.6371
            ],
            [
              -46.6722,
              -22.635
            ],
            [
              -46.6713,
              -22.6351
            ],
            [
              -46.6693,
              -22.6381
            ],
            [
              -46.6687,
              -22.6413
            ],
            [
              -46.6678,
              -22.6437
            ],
            [
              -46.6658,
              -22.6449
            ],
            [
              -46.6633,
              -22.6473
            ],
            [
              -46.6624,
              -22.6498
            ],
            [
              -46.6621,
              -22.6524
            ],
            [
              -46.6607,
              -22.6548
            ],
            [
              -46.6605,
              -22.6573
            ],
            [
              -46.6593,
              -22.6596
            ],
            [
              -46.6578,
              -22.6642
            ],
            [
              -46.6568,
              -22.6653
            ],
            [
              -46.6547,
              -22.666
            ],
            [
              -46.6534,
              -22.6659
            ],
            [
              -46.6517,
              -22.6646
            ],
            [
              -46.6501,
              -22.6623
            ],
            [
              -46.6483,
              -22.6569
            ],
            [
              -46.6461,
              -22.6541
            ],
            [
              -46.643,
              -22.6516
            ],
            [
              -46.6398,
              -22.6524
            ],
            [
              -46.6348,
              -22.6524
            ],
            [
              -46.6324,
              -22.6553
            ],
            [
              -46.631,
              -22.6554
            ],
            [
              -46.629,
              -22.6536
            ],
            [
              -46.6285,
              -22.6526
            ],
            [
              -46.6258,
              -22.6509
            ],
            [
              -46.6243,
              -22.6504
            ],
            [
              -46.6235,
              -22.649
            ],
            [
              -46.6209,
              -22.6492
            ],
            [
              -46.62,
              -22.6487
            ],
            [
              -46.6193,
              -22.647
            ],
            [
              -46.62,
              -22.6438
            ],
            [
              -46.6182,
              -22.6407
            ],
            [
              -46.6187,
              -22.6381
            ],
            [
              -46.6183,
              -22.6359
            ],
            [
              -46.617,
              -22.6348
            ],
            [
              -46.6161,
              -22.6332
            ],
            [
              -46.6138,
              -22.6323
            ],
            [
              -46.6124,
              -22.6322
            ],
            [
              -46.6096,
              -22.6348
            ],
            [
              -46.6079,
              -22.6369
            ],
            [
              -46.6057,
              -22.6371
            ],
            [
              -46.6027,
              -22.6358
            ],
            [
              -46.6013,
              -22.6329
            ],
            [
              -46.6016,
              -22.6316
            ],
            [
              -46.6048,
              -22.6296
            ],
            [
              -46.6063,
              -22.6272
            ],
            [
              -46.6047,
              -22.6235
            ],
            [
              -46.605,
              -22.6206
            ],
            [
              -46.6071,
              -22.6138
            ],
            [
              -46.6058,
              -22.6121
            ],
            [
              -46.6049,
              -22.609
            ],
            [
              -46.6054,
              -22.6072
            ],
            [
              -46.605,
              -22.6049
            ],
            [
              -46.6063,
              -22.6042
            ],
            [
              -46.61,
              -22.6037
            ],
            [
              -46.6106,
              -22.6018
            ],
            [
              -46.6099,
              -22.5982
            ],
            [
              -46.6105,
              -22.5949
            ],
            [
              -46.6093,
              -22.5929
            ],
            [
              -46.6096,
              -22.5898
            ],
            [
              -46.6114,
              -22.5872
            ],
            [
              -46.6096,
              -22.5829
            ],
            [
              -46.6093,
              -22.5817
            ],
            [
              -46.6077,
              -22.5789
            ],
            [
              -46.6052,
              -22.5765
            ],
            [
              -46.6041,
              -22.5747
            ],
            [
              -46.6043,
              -22.573
            ],
            [
              -46.6067,
              -22.5707
            ],
            [
              -46.6069,
              -22.5694
            ],
            [
              -46.6056,
              -22.568
            ],
            [
              -46.6035,
              -22.5643
            ],
            [
              -46.6041,
              -22.5628
            ],
            [
              -46.6056,
              -22.5617
            ],
            [
              -46.6073,
              -22.559
            ],
            [
              -46.6083,
              -22.5579
            ],
            [
              -46.6098,
              -22.5546
            ],
            [
              -46.6105,
              -22.552
            ],
            [
              -46.6102,
              -22.5509
            ],
            [
              -46.6138,
              -22.5482
            ],
            [
              -46.6157,
              -22.5483
            ],
            [
              -46.6161,
              -22.5455
            ],
            [
              -46.6195,
              -22.5437
            ],
            [
              -46.6209,
              -22.541
            ],
            [
              -46.6219,
              -22.5407
            ],
            [
              -46.6228,
              -22.5429
            ],
            [
              -46.6215,
              -22.5462
            ],
            [
              -46.6235,
              -22.5474
            ],
            [
              -46.6242,
              -22.5466
            ],
            [
              -46.6242,
              -22.5442
            ],
            [
              -46.6259,
              -22.5438
            ],
            [
              -46.6283,
              -22.5414
            ],
            [
              -46.6292,
              -22.5418
            ],
            [
              -46.6295,
              -22.5438
            ],
            [
              -46.6332,
              -22.5436
            ],
            [
              -46.637,
              -22.547
            ],
            [
              -46.6397,
              -22.5462
            ],
            [
              -46.6416,
              -22.5465
            ],
            [
              -46.6428,
              -22.5479
            ],
            [
              -46.6431,
              -22.5503
            ],
            [
              -46.6438,
              -22.5519
            ],
            [
              -46.645,
              -22.5508
            ],
            [
              -46.646,
              -22.5511
            ],
            [
              -46.6475,
              -22.5534
            ],
            [
              -46.6485,
              -22.5536
            ],
            [
              -46.6493,
              -22.5502
            ],
            [
              -46.6511,
              -22.5468
            ],
            [
              -46.6519,
              -22.546
            ],
            [
              -46.6541,
              -22.5461
            ],
            [
              -46.659,
              -22.5473
            ],
            [
              -46.6617,
              -22.5468
            ],
            [
              -46.6637,
              -22.5448
            ],
            [
              -46.6656,
              -22.5445
            ],
            [
              -46.6673,
              -22.5426
            ],
            [
              -46.6686,
              -22.5418
            ],
            [
              -46.675,
              -22.5411
            ],
            [
              -46.675,
              -22.5398
            ],
            [
              -46.6739,
              -22.5377
            ],
            [
              -46.6715,
              -22.5357
            ],
            [
              -46.6718,
              -22.5329
            ],
            [
              -46.673,
              -22.5305
            ],
            [
              -46.6747,
              -22.5291
            ],
            [
              -46.6757,
              -22.5275
            ],
            [
              -46.6782,
              -22.5252
            ],
            [
              -46.6787,
              -22.5235
            ],
            [
              -46.6776,
              -22.5197
            ],
            [
              -46.6775,
              -22.518
            ],
            [
              -46.6783,
              -22.5144
            ],
            [
              -46.6796,
              -22.5116
            ],
            [
              -46.6801,
              -22.5071
            ],
            [
              -46.6829,
              -22.5072
            ],
            [
              -46.6838,
              -22.5084
            ],
            [
              -46.6853,
              -22.5086
            ],
            [
              -46.6875,
              -22.5071
            ],
            [
              -46.6895,
              -22.5084
            ],
            [
              -46.6915,
              -22.5106
            ],
            [
              -46.693,
              -22.5102
            ],
            [
              -46.6941,
              -22.5086
            ],
            [
              -46.6959,
              -22.5085
            ],
            [
              -46.6988,
              -22.5102
            ],
            [
              -46.7031,
              -22.5109
            ],
            [
              -46.7068,
              -22.5105
            ],
            [
              -46.7081,
              -22.51
            ],
            [
              -46.7098,
              -22.5085
            ],
            [
              -46.7116,
              -22.5047
            ],
            [
              -46.7126,
              -22.5037
            ],
            [
              -46.7152,
              -22.5046
            ],
            [
              -46.716,
              -22.5058
            ],
            [
              -46.7161,
              -22.5078
            ],
            [
              -46.7169,
              -22.509
            ],
            [
              -46.7194,
              -22.5111
            ],
            [
              -46.7199,
              -22.5142
            ],
            [
              -46.7217,
              -22.516
            ],
            [
              -46.7217,
              -22.5192
            ],
            [
              -46.7223,
              -22.5209
            ],
            [
              -46.7218,
              -22.5237
            ],
            [
              -46.7207,
              -22.5253
            ],
            [
              -46.7204,
              -22.5278
            ],
            [
              -46.7214,
              -22.5293
            ],
            [
              -46.7236,
              -22.5308
            ],
            [
              -46.7268,
              -22.5314
            ],
            [
              -46.7286,
              -22.5312
            ],
            [
              -46.733,
              -22.5343
            ],
            [
              -46.7344,
              -22.5399
            ],
            [
              -46.7339,
              -22.5428
            ],
            [
              -46.7359,
              -22.5442
            ],
            [
              -46.7372,
              -22.5474
            ],
            [
              -46.7385,
              -22.5487
            ],
            [
              -46.7405,
              -22.5488
            ],
            [
              -46.7444,
              -22.5504
            ],
            [
              -46.7454,
              -22.5483
            ],
            [
              -46.7472,
              -22.5476
            ],
            [
              -46.7518,
              -22.5492
            ],
            [
              -46.7544,
              -22.5489
            ],
            [
              -46.7578,
              -22.5475
            ],
            [
              -46.7603,
              -22.547
            ],
            [
              -46.7629,
              -22.545
            ],
            [
              -46.7632,
              -22.5443
            ],
            [
              -46.7617,
              -22.542
            ],
            [
              -46.7642,
              -22.5423
            ],
            [
              -46.7659,
              -22.5419
            ],
            [
              -46.7673,
              -22.5408
            ],
            [
              -46.7687,
              -22.5378
            ],
            [
              -46.7704,
              -22.5364
            ],
            [
              -46.7718,
              -22.5361
            ],
            [
              -46.7773,
              -22.5366
            ],
            [
              -46.7809,
              -22.5367
            ],
            [
              -46.7838,
              -22.5373
            ],
            [
              -46.7897,
              -22.5378
            ],
            [
              -46.793,
              -22.5384
            ],
            [
              -46.7957,
              -22.5394
            ],
            [
              -46.7977,
              -22.5414
            ],
            [
              -46.7963,
              -22.5412
            ],
            [
              -46.7951,
              -22.5426
            ],
            [
              -46.7928,
              -22.544
            ],
            [
              -46.7929,
              -22.5449
            ],
            [
              -46.7906,
              -22.5457
            ],
            [
              -46.7888,
              -22.5452
            ],
            [
              -46.7871,
              -22.5461
            ],
            [
              -46.7851,
              -22.5466
            ],
            [
              -46.784,
              -22.5462
            ],
            [
              -46.7827,
              -22.5487
            ],
            [
              -46.7842,
              -22.5506
            ],
            [
              -46.784,
              -22.5541
            ],
            [
              -46.7856,
              -22.5558
            ],
            [
              -46.7859,
              -22.5582
            ],
            [
              -46.7849,
              -22.5588
            ],
            [
              -46.7841,
              -22.5608
            ],
            [
              -46.7814,
              -22.5621
            ],
            [
              -46.7802,
              -22.5637
            ],
            [
              -46.7777,
              -22.5648
            ],
            [
              -46.7761,
              -22.5633
            ],
            [
              -46.7742,
              -22.5629
            ],
            [
              -46.7656,
              -22.5667
            ],
            [
              -46.7617,
              -22.5673
            ],
            [
              -46.7608,
              -22.5669
            ],
            [
              -46.7591,
              -22.5688
            ],
            [
              -46.7567,
              -22.5695
            ],
            [
              -46.755,
              -22.5714
            ],
            [
              -46.7551,
              -22.5722
            ],
            [
              -46.754,
              -22.5743
            ],
            [
              -46.7525,
              -22.5761
            ],
            [
              -46.7511,
              -22.5771
            ],
            [
              -46.7502,
              -22.5786
            ],
            [
              -46.7505,
              -22.58
            ],
            [
              -46.7481,
              -22.5807
            ],
            [
              -46.745,
              -22.584
            ],
            [
              -46.7386,
              -22.5893
            ],
            [
              -46.7359,
              -22.5924
            ],
            [
              -46.735,
              -22.5942
            ],
            [
              -46.7351,
              -22.5956
            ],
            [
              -46.7369,
              -22.5957
            ],
            [
              -46.7421,
              -22.5947
            ],
            [
              -46.7453,
              -22.5934
            ],
            [
              -46.7482,
              -22.591
            ],
            [
              -46.7499,
              -22.5906
            ],
            [
              -46.7545,
              -22.5921
            ],
            [
              -46.7557,
              -22.5929
            ],
            [
              -46.7582,
              -22.5963
            ],
            [
              -46.76,
              -22.5976
            ],
            [
              -46.7628,
              -22.5984
            ],
            [
              -46.7641,
              -22.5995
            ],
            [
              -46.7652,
              -22.6013
            ],
            [
              -46.7663,
              -22.6041
            ],
            [
              -46.7641,
              -22.6075
            ],
            [
              -46.7615,
              -22.6123
            ],
            [
              -46.7586,
              -22.6155
            ],
            [
              -46.7569,
              -22.6155
            ],
            [
              -46.7552,
              -22.6161
            ],
            [
              -46.7514,
              -22.6167
            ],
            [
              -46.7494,
              -22.6175
            ],
            [
              -46.7496,
              -22.6191
            ],
            [
              -46.7529,
              -22.6213
            ],
            [
              -46.7539,
              -22.6224
            ],
            [
              -46.755,
              -22.6247
            ],
            [
              -46.7554,
              -22.6265
            ],
            [
              -46.7552,
              -22.6281
            ],
            [
              -46.7523,
              -22.6328
            ],
            [
              -46.7433,
              -22.6508
            ],
            [
              -46.742,
              -22.6513
            ],
            [
              -46.7393,
              -22.6512
            ],
            [
              -46.7327,
              -22.6532
            ],
            [
              -46.7304,
              -22.6544
            ],
            [
              -46.7277,
              -22.6549
            ]
          ]
        ]
      },
      "properties": {
        "codarea": "3551603",
        "nome_municipio": "Serra Negra",
        "codigo_ibge": 3551603
      }
    },
    {
      "type": "Feature",
      "geometry": {
        "type": "Polygon",
        "coordinates": [
          [
            [
              -46.6218,
              -22.7231
            ],
            [
              -46.5659,
              -22.7218
            ],
            [
              -46.537,
              -22.7212
            ],
            [
              -46.5351,
              -22.7217
            ],
            [
              -46.5351,
              -22.7237
            ],
            [
              -46.5361,
              -22.7257
            ],
            [
              -46.5337,
              -22.7266
            ],
            [
              -46.5318,
              -22.7282
            ],
            [
              -46.5316,
              -22.7293
            ],
            [
              -46.5298,
              -22.7287
            ],
            [
              -46.5297,
              -22.7272
            ],
            [
              -46.5285,
              -22.7252
            ],
            [
              -46.5272,
              -22.7257
            ],
            [
              -46.5243,
              -22.7253
            ],
            [
              -46.5228,
              -22.7267
            ],
            [
              -46.5201,
              -22.7276
            ],
            [
              -46.5186,
              -22.7287
            ],
            [
              -46.5167,
              -22.7279
            ],
            [
              -46.5163,
              -22.7291
            ],
            [
              -46.5127,
              -22.7303
            ],
            [
              -46.5095,
              -22.7304
            ],
            [
              -46.5093,
              -22.729
            ],
            [
              -46.5068,
              -22.7276
            ],
            [
              -46.5059,
              -22.726
            ],
            [
              -46.5037,
              -22.7245
            ],
            [
              -46.5014,
              -22.7253
            ],
            [
              -46.5,
              -22.7233
            ],
            [
              -46.4964,
              -22.7215
            ],
            [
              -46.4952,
              -22.7196
            ],
            [
              -46.4935,
              -22.7192
            ],
            [
              -46.4921,
              -22.722
            ],
            [
              -46.4922,
              -22.7231
            ],
            [
              -46.4904,
              -22.7234
            ],
            [
              -46.4884,
              -22.7248
            ],
            [
              -46.4851,
              -22.7237
            ],
            [
              -46.4842,
              -22.7221
            ],
            [
              -46.4829,
              -22.7232
            ],
            [
              -46.4811,
              -22.7215
            ],
            [
              -46.4805,
              -22.7191
            ],
            [
              -46.4807,
              -22.7178
            ],
            [
              -46.4799,
              -22.7158
            ],
            [
              -46.481,
              -22.7149
            ],
            [
              -46.4791,
              -22.713
            ],
            [
              -46.4787,
              -22.7116
            ],
            [
              -46.4773,
              -22.7104
            ],
            [
              -46.4766,
              -22.7087
            ],
            [
              -46.4741,
              -22.7087
            ],
            [
              -46.4746,
              -22.7069
            ],
            [
              -46.4731,
              -22.705
            ],
            [
              -46.4755,
              -22.7017
            ],
            [
              -46.4782,
              -22.6996
            ],
            [
              -46.4786,
              -22.6978
            ],
            [
              -46.4759,
              -22.6976
            ],
            [
              -46.4739,
              -22.6968
            ],
            [
              -46.4718,
              -22.6952
            ],
            [
              -46.4701,
              -22.6948
            ],
            [
              -46.47,
              -22.694
            ],
            [
              -46.4786,
              -22.6859
            ],
            [
              -46.4796,
              -22.6813
            ],
            [
              -46.4806,
              -22.6799
            ],
            [
              -46.4806,
              -22.6783
            ],
            [
              -46.4798,
              -22.6775
            ],
            [
              -46.4762,
              -22.6767
            ],
            [
              -46.4733,
              -22.6745
            ],
            [
              -46.4704,
              -22.6732
            ],
            [
              -46.4691,
              -22.6732
            ],
            [
              -46.4653,
              -22.6748
            ],
            [
              -46.4639,
              -22.675
            ],
            [
              -46.4625,
              -22.6762
            ],
            [
              -46.4613,
              -22.676
            ],
            [
              -46.4588,
              -22.6718
            ],
            [
              -46.4516,
              -22.6705
            ],
            [
              -46.4485,
              -22.6683
            ],
            [
              -46.4463,
              -22.668
            ],
            [
              -46.4421,
              -22.6685
            ],
            [
              -46.4402,
              -22.6681
            ],
            [
              -46.4384,
              -22.6669
            ],
            [
              -46.4365,
              -22.6644
            ],
            [
              -46.4277,
              -22.6614
            ],
            [
              -46.4256,
              -22.6616
            ],
            [
              -46.4237,
              -22.6639
            ],
            [
              -46.422,
              -22.6647
            ],
            [
              -46.42,
              -22.665
            ],
            [
              -46.4179,
              -22.6645
            ],
            [
              -46.4158,
              -22.6629
            ],
            [
              -46.4134,
              -22.6599
            ],
            [
              -46.4123,
              -22.6598
            ],
            [
              -46.4096,
              -22.662
            ],
            [
              -46.4057,
              -22.6626
            ],
            [
              -46.405,
              -22.6634
            ],
            [
              -46.4049,
              -22.6651
            ],
            [
              -46.4055,
              -22.6663
            ],
            [
              -46.4084,
              -22.6693
            ],
            [
              -46.4079,
              -22.6719
            ],
            [
              -46.4059,
              -22.6726
            ],
            [
              -46.4039,
              -22.6722
            ],
            [
              -46.4022,
              -22.671
            ],
            [
              -46.3982,
              -22.6657
            ],
            [
              -46.3931,
              -22.663
            ],
            [
              -46.3943,
              -22.6589
            ],
            [
              -46.3941,
              -22.6577
            ],
            [
              -46.3923,
              -22.6547
            ],
            [
              -46.3924,
              -22.6531
            ],
            [
              -46.3943,
              -22.6506
            ],
            [
              -46.3963,
              -22.646
            ],
            [
              -46.406,
              -22.6406
            ],
            [
              -46.4093,
              -22.6401
            ],
            [
              -46.4147,
              -22.6402
            ],
            [
              -46.4206,
              -22.6381
            ],
            [
              -46.4232,
              -22.6357
            ],
            [
              -46.4246,
              -22.6336
            ],
            [
              -46.4241,
              -22.6286
            ],
            [
              -46.423,
              -22.6248
            ],
            [
              -46.4194,
              -22.6246
            ],
            [
              -46.4151,
              -22.6235
            ],
            [
              -46.406,
              -22.6222
            ],
            [
              -46.4048,
              -22.6209
            ],
            [
              -46.4052,
              -22.6199
            ],
            [
              -46.4078,
              -22.6176
            ],
            [
              -46.4112,
              -22.6127
            ],
            [
              -46.4115,
              -22.6106
            ],
            [
              -46.4134,
              -22.6073
            ],
            [
              -46.4162,
              -22.6053
            ],
            [
              -46.4166,
              -22.604
            ],
            [
              -46.4187,
              -22.6027
            ],
            [
              -46.4194,
              -22.6008
            ],
            [
              -46.4208,
              -22.5986
            ],
            [
              -46.4221,
              -22.6003
            ],
            [
              -46.4243,
              -22.5994
            ],
            [
              -46.4231,
              -22.5986
            ],
            [
              -46.4228,
              -22.5975
            ],
            [
              -46.4214,
              -22.5966
            ],
            [
              -46.4216,
              -22.5942
            ],
            [
              -46.4191,
              -22.5919
            ],
            [
              -46.4152,
              -22.59
            ],
            [
              -46.4123,
              -22.5869
            ],
            [
              -46.4124,
              -22.5854
            ],
            [
              -46.4178,
              -22.584
            ],
            [
              -46.4195,
              -22.5829
            ],
            [
              -46.4274,
              -22.5841
            ],
            [
              -46.4291,
              -22.583
            ],
            [
              -46.4289,
              -22.5797
            ],
            [
              -46.4313,
              -22.576
            ],
            [
              -46.4337,
              -22.5746
            ],
            [
              -46.4326,
              -22.5712
            ],
            [
              -46.4275,
              -22.5664
            ],
            [
              -46.4261,
              -22.5655
            ],
            [
              -46.4235,
              -22.5651
            ],
            [
              -46.4225,
              -22.5645
            ],
            [
              -46.419,
              -22.5599
            ],
            [
              -46.4146,
              -22.5579
            ],
            [
              -46.4114,
              -22.5543
            ],
            [
              -46.4099,
              -22.5501
            ],
            [
              -46.4078,
              -22.5481
            ],
            [
              -46.4061,
              -22.5415
            ],
            [
              -46.407,
              -22.5399
            ],
            [
              -46.4096,
              -22.5387
            ],
            [
              -46.4117,
              -22.5367
            ],
            [
              -46.4124,
              -22.5373
            ],
            [
              -46.4126,
              -22.5394
            ],
            [
              -46.4133,
              -22.5403
            ],
            [
              -46.4169,
              -22.5418
            ],
            [
              -46.4176,
              -22.543
            ],
            [
              -46.4179,
              -22.5475
            ],
            [
              -46.4208,
              -22.5486
            ],
            [
              -46.4263,
              -22.5476
            ],
            [
              -46.4279,
              -22.5449
            ],
            [
              -46.4292,
              -22.5437
            ],
            [
              -46.4326,
              -22.5439
            ],
            [
              -46.4348,
              -22.5423
            ],
            [
              -46.4393,
              -22.5406
            ],
            [
              -46.4398,
              -22.5389
            ],
            [
              -46.4388,
              -22.5366
            ],
            [
              -46.4395,
              -22.5347
            ],
            [
              -46.4426,
              -22.533
            ],
            [
              -46.4472,
              -22.532
            ],
            [
              -46.4492,
              -22.5308
            ],
            [
              -46.4499,
              -22.5297
            ],
            [
              -46.4501,
              -22.5265
            ],
            [
              -46.4533,
              -22.5225
            ],
            [
              -46.4556,
              -22.5216
            ],
            [
              -46.4565,
              -22.5217
            ],
            [
              -46.4577,
              -22.5226
            ],
            [
              -46.4615,
              -22.5219
            ],
            [
              -46.4649,
              -22.5228
            ],
            [
              -46.4659,
              -22.5196
            ],
            [
              -46.4669,
              -22.5185
            ],
            [
              -46.4711,
              -22.5183
            ],
            [
              -46.4724,
              -22.5188
            ],
            [
              -46.4751,
              -22.5206
            ],
            [
              -46.4768,
              -22.5207
            ],
            [
              -46.4801,
              -22.5187
            ],
            [
              -46.4817,
              -22.5186
            ],
            [
              -46.4846,
              -22.5192
            ],
            [
              -46.4889,
              -22.5161
            ],
            [
              -46.4896,
              -22.5139
            ],
            [
              -46.4906,
              -22.5125
            ],
            [
              -46.4912,
              -22.5104
            ],
            [
              -46.4933,
              -22.5109
            ],
            [
              -46.4983,
              -22.5132
            ],
            [
              -46.4998,
              -22.5145
            ],
            [
              -46.5009,
              -22.517
            ],
            [
              -46.503,
              -22.5175
            ],
            [
              -46.5053,
              -22.517
            ],
            [
              -46.5066,
              -22.5155
            ],
            [
              -46.5072,
              -22.5096
            ],
            [
              -46.5063,
              -22.5082
            ],
            [
              -46.507,
              -22.507
            ],
            [
              -46.516,
              -22.504
            ],
            [
              -46.5421,
              -22.4944
            ],
            [
              -46.5361,
              -22.4878
            ],
            [
              -46.5361,
              -22.4837
            ],
            [
              -46.5336,
              -22.4793
            ],
            [
              -46.5307,
              -22.4709
            ],
            [
              -46.5318,
              -22.47
            ],
            [
              -46.5352,
              -22.4704
            ],
            [
              -46.5375,
              -22.4713
            ],
            [
              -46.5393,
              -22.4686
            ],
            [
              -46.543,
              -22.4678
            ],
            [
              -46.5465,
              -22.4689
            ],
            [
              -46.5499,
              -22.4695
            ],
            [
              -46.5525,
              -22.4695
            ],
            [
              -46.5554,
              -22.4708
            ],
            [
              -46.5592,
              -22.4739
            ],
            [
              -46.56,
              -22.4774
            ],
            [
              -46.5644,
              -22.4776
            ],
            [
              -46.5647,
              -22.4801
            ],
            [
              -46.5656,
              -22.4823
            ],
            [
              -46.5651,
              -22.4839
            ],
            [
              -46.5631,
              -22.4853
            ],
            [
              -46.5639,
              -22.4867
            ],
            [
              -46.5655,
              -22.4877
            ],
            [
              -46.5688,
              -22.4856
            ],
            [
              -46.5711,
              -22.4867
            ],
            [
              -46.5746,
              -22.4867
            ],
            [
              -46.5774,
              -22.487
            ],
            [
              -46.5795,
              -22.4889
            ],
            [
              -46.5822,
              -22.489
            ],
            [
              -46.5852,
              -22.4897
            ],
            [
              -46.5879,
              -22.4896
            ],
            [
              -46.5881,
              -22.4904
            ],
            [
              -46.5853,
              -22.4929
            ],
            [
              -46.5851,
              -22.4938
            ],
            [
              -46.5861,
              -22.4949
            ],
            [
              -46.5863,
              -22.4977
            ],
            [
              -46.5858,
              -22.4991
            ],
            [
              -46.5837,
              -22.5014
            ],
            [
              -46.583,
              -22.5045
            ],
            [
              -46.5818,
              -22.5064
            ],
            [
              -46.5798,
              -22.5077
            ],
            [
              -46.5795,
              -22.5103
            ],
            [
              -46.58,
              -22.5117
            ],
            [
              -46.5817,
              -22.5131
            ],
            [
              -46.5821,
              -22.5147
            ],
            [
              -46.5843,
              -22.5163
            ],
            [
              -46.5873,
              -22.5154
            ],
            [
              -46.5877,
              -22.5137
            ],
            [
              -46.5903,
              -22.5156
            ],
            [
              -46.593,
              -22.5156
            ],
            [
              -46.5958,
              -22.5148
            ],
            [
              -46.599,
              -22.515
            ],
            [
              -46.5992,
              -22.5165
            ],
            [
              -46.6016,
              -22.5192
            ],
            [
              -46.6042,
              -22.5207
            ],
            [
              -46.6075,
              -22.5249
            ],
            [
              -46.6082,
              -22.5274
            ],
            [
              -46.6112,
              -22.5327
            ],
            [
              -46.6112,
              -22.5356
            ],
            [
              -46.6109,
              -22.5379
            ],
            [
              -46.6117,
              -22.5397
            ],
            [
              -46.6142,
              -22.5415
            ],
            [
              -46.6152,
              -22.5443
            ],
            [
              -46.6138,
              -22.5482
            ],
            [
              -46.6102,
              -22.5509
            ],
            [
              -46.6105,
              -22.552
            ],
            [
              -46.6098,
              -22.5546
            ],
            [
              -46.6083,
              -22.5579
            ],
            [
              -46.6073,
              -22.559
            ],
            [
              -46.6056,
              -22.5617
            ],
            [
              -46.6041,
              -22.5628
            ],
            [
              -46.6035,
              -22.5643
            ],
            [
              -46.6056,
              -22.568
            ],
            [
              -46.6069,
              -22.5694
            ],
            [
              -46.6067,
              -22.5707
            ],
            [
              -46.6043,
              -22.573
            ],
            [
              -46.6041,
              -22.5747
            ],
            [
              -46.6052,
              -22.5765
            ],
            [
              -46.6077,
              -22.5789
            ],
            [
              -46.6093,
              -22.5817
            ],
            [
              -46.6096,
              -22.5829
            ],
            [
              -46.6114,
              -22.5872
            ],
            [
              -46.6096,
              -22.5898
            ],
            [
              -46.6093,
              -22.5929
            ],
            [
              -46.6105,
              -22.5949
            ],
            [
              -46.6099,
              -22.5982
            ],
            [
              -46.6106,
              -22.6018
            ],
            [
              -46.61,
              -22.6037
            ],
            [
              -46.6063,
              -22.6042
            ],
            [
              -46.605,
              -22.6049
            ],
            [
              -46.6054,
              -22.6072
            ],
            [
              -46.6049,
              -22.609
            ],
            [
              -46.6058,
              -22.6121
            ],
            [
              -46.6071,
              -22.6138
            ],
            [
              -46.605,
              -22.6206
            ],
            [
              -46.6047,
              -22.6235
            ],
            [
              -46.6063,
              -22.6272
            ],
            [
              -46.6048,
              -22.6296
            ],
            [
              -46.6016,
              -22.6316
            ],
            [
              -46.6013,
              -22.6329
            ],
            [
              -46.6027,
              -22.6358
            ],
            [
              -46.6057,
              -22.6371
            ],
            [
              -46.6079,
              -22.6369
            ],
            [
              -46.6096,
              -22.6348
            ],
            [
              -46.6124,
              -22.6322
            ],
            [
              -46.6138,
              -22.6323
            ],
            [
              -46.6161,
              -22.6332
            ],
            [
              -46.617,
              -22.6348
            ],
            [
              -46.6183,
              -22.6359
            ],
            [
              -46.6187,
              -22.6381
            ],
            [
              -46.6182,
              -22.6407
            ],
            [
              -46.62,
              -22.6438
            ],
            [
              -46.6193,
              -22.647
            ],
            [
              -46.62,
              -22.6487
            ],
            [
              -46.6209,
              -22.6492
            ],
            [
              -46.6235,
              -22.649
            ],
            [
              -46.6243,
              -22.6504
            ],
            [
              -46.6258,
              -22.6509
            ],
            [
              -46.6285,
              -22.6526
            ],
            [
              -46.629,
              -22.6536
            ],
            [
              -46.6298,
              -22.655
            ],
            [
              -46.6287,
              -22.6567
            ],
            [
              -46.6259,
              -22.6589
            ],
            [
              -46.6265,
              -22.6621
            ],
            [
              -46.6267,
              -22.6649
            ],
            [
              -46.628,
              -22.6663
            ],
            [
              -46.6301,
              -22.6678
            ],
            [
              -46.6291,
              -22.6702
            ],
            [
              -46.632,
              -22.6745
            ],
            [
              -46.6318,
              -22.6759
            ],
            [
              -46.6296,
              -22.6773
            ],
            [
              -46.6261,
              -22.6781
            ],
            [
              -46.6236,
              -22.6797
            ],
            [
              -46.6208,
              -22.682
            ],
            [
              -46.6204,
              -22.6835
            ],
            [
              -46.6215,
              -22.6862
            ],
            [
              -46.6236,
              -22.6882
            ],
            [
              -46.6239,
              -22.6898
            ],
            [
              -46.6223,
              -22.692
            ],
            [
              -46.6197,
              -22.6938
            ],
            [
              -46.6182,
              -22.6978
            ],
            [
              -46.618,
              -22.7
            ],
            [
              -46.6184,
              -22.7017
            ],
            [
              -46.621,
              -22.705
            ],
            [
              -46.6217,
              -22.7066
            ],
            [
              -46.624,
              -22.7087
            ],
            [
              -46.626,
              -22.7111
            ],
            [
              -46.6274,
              -22.7149
            ],
            [
              -46.6271,
              -22.718
            ],
            [
              -46.626,
              -22.7192
            ],
            [
              -46.623,
              -22.7217
            ],
            [
              -46.6218,
              -22.7231
            ]
          ]
        ]
      },
      "properties": {
        "codarea": "3552106",
        "nome_municipio": "Socorro",
        "codigo_ibge": 3552106
      }
    }
  ]
}