{
  "type": "FeatureCollection",
  "nome_ig": "Planalto Catarinense",
  "municipios_lista": "brunopolis;cacador;curitibanos;fraiburgo;frei rogerio;lebon regis;monte carlo",
  "features": [
    {
      "type": "Feature",
      "geometry": {
        "type": "Polygon",
        "coordinates": [
          [
            [
              -51.1922,
              -26.8513
            ],
            [
              -51.1839,
              -26.8332
            ],
            [
              -51.1823,
              -26.8321
            ],
            [
              -51.178,
              -26.8318
            ],
            [
              -51.1776,
              -26.8322
            ],
            [
              -51.1733,
              -26.8333
            ],
            [
              -51.1716,
              -26.8335
            ],
            [
              -51.1699,
              -26.8351
            ],
            [
              -51.1684,
              -26.8347
            ],
            [
              -51.1644,
              -26.835
            ],
            [
              -51.1618,
              -26.834
            ],
            [
              -51.1577,
              -26.8345
            ],
            [
              -51.1556,
              -26.8361
            ],
            [
              -51.1521,
              -26.8368
            ],
            [
              -51.1498,
              -26.8366
            ],
            [
              -51.148,
              -26.8373
            ],
            [
              -51.1419,
              -26.8377
            ],
            [
              -51.1384,
              -26.8386
            ],
            [
              -51.137,
              -26.8374
            ],
            [
              -51.134,
              -26.8367
            ],
            [
              -51.1308,
              -26.8368
            ],
            [
              -51.129,
              -26.8361
            ],
            [
              -51.1277,
              -26.8368
            ],
            [
              -51.1276,
              -26.838
            ],
            [
              -51.1263,
              -26.8403
            ],
            [
              -51.1261,
              -26.8414
            ],
            [
              -51.1241,
              -26.8418
            ],
            [
              -51.1205,
              -26.8405
            ],
            [
              -51.1205,
              -26.8393
            ],
            [
              -51.1181,
              -26.8359
            ],
            [
              -51.1167,
              -26.8347
            ],
            [
              -51.1144,
              -26.8357
            ],
            [
              -51.1124,
              -26.835
            ],
            [
              -51.1115,
              -26.8341
            ],
            [
              -51.1052,
              -26.8315
            ],
            [
              -51.1039,
              -26.8317
            ],
            [
              -51.1008,
              -26.8337
            ],
            [
              -51.0994,
              -26.8366
            ],
            [
              -51.0981,
              -26.8378
            ],
            [
              -51.0945,
              -26.8395
            ],
            [
              -51.0918,
              -26.839
            ],
            [
              -51.0902,
              -26.8391
            ],
            [
              -51.0872,
              -26.8381
            ],
            [
              -51.0845,
              -26.8397
            ],
            [
              -51.0835,
              -26.8412
            ],
            [
              -51.0799,
              -26.8411
            ],
            [
              -51.0765,
              -26.8419
            ],
            [
              -51.0676,
              -26.8407
            ],
            [
              -51.0638,
              -26.841
            ],
            [
              -51.0624,
              -26.8398
            ],
            [
              -51.0604,
              -26.8402
            ],
            [
              -51.0591,
              -26.84
            ],
            [
              -51.0577,
              -26.8406
            ],
            [
              -51.0551,
              -26.8403
            ],
            [
              -51.0534,
              -26.8424
            ],
            [
              -51.0497,
              -26.843
            ],
            [
              -51.0493,
              -26.8437
            ],
            [
              -51.0512,
              -26.8464
            ],
            [
              -51.0515,
              -26.8487
            ],
            [
              -51.0512,
              -26.8499
            ],
            [
              -51.0565,
              -26.8514
            ],
            [
              -51.0584,
              -26.8513
            ],
            [
              -51.0564,
              -26.8533
            ],
            [
              -51.0544,
              -26.854
            ],
            [
              -51.0534,
              -26.855
            ],
            [
              -51.0543,
              -26.8579
            ],
            [
              -51.0541,
              -26.8585
            ],
            [
              -51.0517,
              -26.859
            ],
            [
              -51.0494,
              -26.8578
            ],
            [
              -51.0485,
              -26.856
            ],
            [
              -51.0467,
              -26.8533
            ],
            [
              -51.0439,
              -26.8517
            ],
            [
              -51.042,
              -26.852
            ],
            [
              -51.0407,
              -26.8543
            ],
            [
              -51.0424,
              -26.8595
            ],
            [
              -51.0407,
              -26.86
            ],
            [
              -51.04,
              -26.8613
            ],
            [
              -51.0412,
              -26.8634
            ],
            [
              -51.0404,
              -26.8665
            ],
            [
              -51.0392,
              -26.8672
            ],
            [
              -51.0378,
              -26.8656
            ],
            [
              -51.0371,
              -26.8641
            ],
            [
              -51.0345,
              -26.863
            ],
            [
              -51.034,
              -26.8618
            ],
            [
              -51.0325,
              -26.8616
            ],
            [
              -51.0307,
              -26.8621
            ],
            [
              -51.0279,
              -26.8643
            ],
            [
              -51.0257,
              -26.865
            ],
            [
              -51.023,
              -26.8642
            ],
            [
              -51.0227,
              -26.8623
            ],
            [
              -51.0239,
              -26.8592
            ],
            [
              -51.0217,
              -26.8572
            ],
            [
              -51.0201,
              -26.857
            ],
            [
              -51.0186,
              -26.8599
            ],
            [
              -51.017,
              -26.8611
            ],
            [
              -51.0166,
              -26.8625
            ],
            [
              -51.0152,
              -26.8634
            ],
            [
              -51.0103,
              -26.8631
            ],
            [
              -51.0096,
              -26.8622
            ],
            [
              -51.0072,
              -26.8633
            ],
            [
              -51.0068,
              -26.8664
            ],
            [
              -51.0073,
              -26.8687
            ],
            [
              -51.0054,
              -26.871
            ],
            [
              -51.0047,
              -26.8702
            ],
            [
              -51.0022,
              -26.8692
            ],
            [
              -51.0011,
              -26.8682
            ],
            [
              -50.9968,
              -26.8665
            ],
            [
              -50.9963,
              -26.8647
            ],
            [
              -50.9968,
              -26.8623
            ],
            [
              -50.9949,
              -26.8617
            ],
            [
              -50.9938,
              -26.8621
            ],
            [
              -50.9941,
              -26.8634
            ],
            [
              -50.9909,
              -26.864
            ],
            [
              -50.9913,
              -26.8658
            ],
            [
              -50.9905,
              -26.8673
            ],
            [
              -50.989,
              -26.8681
            ],
            [
              -50.9866,
              -26.8685
            ],
            [
              -50.986,
              -26.8692
            ],
            [
              -50.9828,
              -26.8693
            ],
            [
              -50.9825,
              -26.8699
            ],
            [
              -50.9854,
              -26.8731
            ],
            [
              -50.9873,
              -26.874
            ],
            [
              -50.9893,
              -26.8738
            ],
            [
              -50.9905,
              -26.8761
            ],
            [
              -50.9892,
              -26.8774
            ],
            [
              -50.9873,
              -26.8806
            ],
            [
              -50.9823,
              -26.881
            ],
            [
              -50.9824,
              -26.8797
            ],
            [
              -50.98,
              -26.8784
            ],
            [
              -50.9783,
              -26.8786
            ],
            [
              -50.9757,
              -26.8775
            ],
            [
              -50.9759,
              -26.8795
            ],
            [
              -50.9777,
              -26.8803
            ],
            [
              -50.9772,
              -26.8823
            ],
            [
              -50.9743,
              -26.8823
            ],
            [
              -50.9731,
              -26.8834
            ],
            [
              -50.9714,
              -26.8837
            ],
            [
              -50.9707,
              -26.8827
            ],
            [
              -50.969,
              -26.8823
            ],
            [
              -50.9673,
              -26.8834
            ],
            [
              -50.9676,
              -26.8849
            ],
            [
              -50.9692,
              -26.8852
            ],
            [
              -50.9708,
              -26.8868
            ],
            [
              -50.9723,
              -26.887
            ],
            [
              -50.973,
              -26.886
            ],
            [
              -50.9742,
              -26.8861
            ],
            [
              -50.9749,
              -26.8889
            ],
            [
              -50.9738,
              -26.8916
            ],
            [
              -50.9738,
              -26.8935
            ],
            [
              -50.9719,
              -26.8946
            ],
            [
              -50.9721,
              -26.8959
            ],
            [
              -50.9706,
              -26.8975
            ],
            [
              -50.9683,
              -26.8946
            ],
            [
              -50.9642,
              -26.893
            ],
            [
              -50.9628,
              -26.8909
            ],
            [
              -50.9607,
              -26.8926
            ],
            [
              -50.9576,
              -26.8932
            ],
            [
              -50.9569,
              -26.8919
            ],
            [
              -50.9558,
              -26.8914
            ],
            [
              -50.955,
              -26.8899
            ],
            [
              -50.9513,
              -26.8891
            ],
            [
              -50.951,
              -26.8882
            ],
            [
              -50.9524,
              -26.887
            ],
            [
              -50.9497,
              -26.8866
            ],
            [
              -50.948,
              -26.8882
            ],
            [
              -50.9466,
              -26.8876
            ],
            [
              -50.9457,
              -26.8863
            ],
            [
              -50.9445,
              -26.8871
            ],
            [
              -50.9434,
              -26.8892
            ],
            [
              -50.9407,
              -26.8894
            ],
            [
              -50.9398,
              -26.8915
            ],
            [
              -50.9404,
              -26.8932
            ],
            [
              -50.9386,
              -26.8941
            ],
            [
              -50.9374,
              -26.8977
            ],
            [
              -50.9359,
              -26.8981
            ],
            [
              -50.9345,
              -26.8994
            ],
            [
              -50.9324,
              -26.8986
            ],
            [
              -50.93,
              -26.901
            ],
            [
              -50.9265,
              -26.9021
            ],
            [
              -50.925,
              -26.9009
            ],
            [
              -50.9239,
              -26.9011
            ],
            [
              -50.9225,
              -26.8997
            ],
            [
              -50.9228,
              -26.8983
            ],
            [
              -50.9212,
              -26.8959
            ],
            [
              -50.9221,
              -26.8949
            ],
            [
              -50.9213,
              -26.8941
            ],
            [
              -50.9179,
              -26.8943
            ],
            [
              -50.9155,
              -26.8938
            ],
            [
              -50.9146,
              -26.895
            ],
            [
              -50.9128,
              -26.8956
            ],
            [
              -50.9076,
              -26.894
            ],
            [
              -50.9078,
              -26.8911
            ],
            [
              -50.9053,
              -26.891
            ],
            [
              -50.906,
              -26.8897
            ],
            [
              -50.904,
              -26.888
            ],
            [
              -50.9043,
              -26.8859
            ],
            [
              -50.9024,
              -26.8861
            ],
            [
              -50.9005,
              -26.8847
            ],
            [
              -50.8962,
              -26.8871
            ],
            [
              -50.8953,
              -26.8873
            ],
            [
              -50.8933,
              -26.8857
            ],
            [
              -50.8889,
              -26.8847
            ],
            [
              -50.8864,
              -26.8837
            ],
            [
              -50.8842,
              -26.8861
            ],
            [
              -50.8826,
              -26.887
            ],
            [
              -50.8813,
              -26.8858
            ],
            [
              -50.8798,
              -26.8858
            ],
            [
              -50.878,
              -26.8837
            ],
            [
              -50.8779,
              -26.8821
            ],
            [
              -50.8765,
              -26.881
            ],
            [
              -50.8763,
              -26.8801
            ],
            [
              -50.8747,
              -26.8778
            ],
            [
              -50.871,
              -26.8775
            ],
            [
              -50.8689,
              -26.8779
            ],
            [
              -50.8668,
              -26.8772
            ],
            [
              -50.8638,
              -26.8768
            ],
            [
              -50.859,
              -26.8751
            ],
            [
              -50.855,
              -26.8721
            ],
            [
              -50.8528,
              -26.8722
            ],
            [
              -50.8494,
              -26.8705
            ],
            [
              -50.8487,
              -26.8699
            ],
            [
              -50.8461,
              -26.8699
            ],
            [
              -50.8456,
              -26.8707
            ],
            [
              -50.846,
              -26.8729
            ],
            [
              -50.8446,
              -26.8709
            ],
            [
              -50.8422,
              -26.8702
            ],
            [
              -50.8421,
              -26.8686
            ],
            [
              -50.8445,
              -26.8663
            ],
            [
              -50.8471,
              -26.8658
            ],
            [
              -50.8496,
              -26.8633
            ],
            [
              -50.8503,
              -26.8601
            ],
            [
              -50.8495,
              -26.8579
            ],
            [
              -50.8496,
              -26.8563
            ],
            [
              -50.8509,
              -26.8541
            ],
            [
              -50.851,
              -26.8528
            ],
            [
              -50.8487,
              -26.8516
            ],
            [
              -50.8478,
              -26.8502
            ],
            [
              -50.8454,
              -26.8502
            ],
            [
              -50.8442,
              -26.8495
            ],
            [
              -50.8456,
              -26.8465
            ],
            [
              -50.8449,
              -26.8447
            ],
            [
              -50.8428,
              -26.8437
            ],
            [
              -50.8422,
              -26.8413
            ],
            [
              -50.8425,
              -26.84
            ],
            [
              -50.841,
              -26.8383
            ],
            [
              -50.8382,
              -26.8372
            ],
            [
              -50.8341,
              -26.8344
            ],
            [
              -50.833,
              -26.832
            ],
            [
              -50.8313,
              -26.8303
            ],
            [
              -50.832,
              -26.8277
            ],
            [
              -50.8303,
              -26.8262
            ],
            [
              -50.8295,
              -26.824
            ],
            [
              -50.8303,
              -26.8214
            ],
            [
              -50.8293,
              -26.8197
            ],
            [
              -50.8292,
              -26.8181
            ],
            [
              -50.8247,
              -26.8158
            ],
            [
              -50.8248,
              -26.8135
            ],
            [
              -50.8241,
              -26.8123
            ],
            [
              -50.8222,
              -26.8116
            ],
            [
              -50.8207,
              -26.8101
            ],
            [
              -50.8197,
              -26.8075
            ],
            [
              -50.8211,
              -26.8031
            ],
            [
              -50.821,
              -26.8014
            ],
            [
              -50.82,
              -26.7979
            ],
            [
              -50.8152,
              -26.7939
            ],
            [
              -50.8133,
              -26.7903
            ],
            [
              -50.811,
              -26.7884
            ],
            [
              -50.8083,
              -26.787
            ],
            [
              -50.8074,
              -26.7846
            ],
            [
              -50.8039,
              -26.7787
            ],
            [
              -50.8029,
              -26.7782
            ],
            [
              -50.7991,
              -26.7789
            ],
            [
              -50.7978,
              -26.7773
            ],
            [
              -50.7963,
              -26.7772
            ],
            [
              -50.7974,
              -26.7756
            ],
            [
              -50.7983,
              -26.7723
            ],
            [
              -50.7982,
              -26.7706
            ],
            [
              -50.8001,
              -26.7685
            ],
            [
              -50.8039,
              -26.7657
            ],
            [
              -50.8095,
              -26.7644
            ],
            [
              -50.8112,
              -26.7646
            ],
            [
              -50.817,
              -26.7629
            ],
            [
              -50.8179,
              -26.7619
            ],
            [
              -50.8163,
              -26.7599
            ],
            [
              -50.8195,
              -26.7593
            ],
            [
              -50.8237,
              -26.7572
            ],
            [
              -50.8262,
              -26.7556
            ],
            [
              -50.8273,
              -26.7537
            ],
            [
              -50.829,
              -26.752
            ],
            [
              -50.8323,
              -26.7504
            ],
            [
              -50.8368,
              -26.7491
            ],
            [
              -50.8394,
              -26.7494
            ],
            [
              -50.8417,
              -26.7503
            ],
            [
              -50.8431,
              -26.7501
            ],
            [
              -50.8438,
              -26.7466
            ],
            [
              -50.8455,
              -26.7466
            ],
            [
              -50.8478,
              -26.7478
            ],
            [
              -50.8502,
              -26.7478
            ],
            [
              -50.8503,
              -26.7455
            ],
            [
              -50.8499,
              -26.7441
            ],
            [
              -50.85,
              -26.7417
            ],
            [
              -50.8508,
              -26.7391
            ],
            [
              -50.8511,
              -26.7361
            ],
            [
              -50.8497,
              -26.7338
            ],
            [
              -50.8504,
              -26.7321
            ],
            [
              -50.8567,
              -26.7302
            ],
            [
              -50.8634,
              -26.7301
            ],
            [
              -50.8658,
              -26.7293
            ],
            [
              -50.8675,
              -26.7279
            ],
            [
              -50.8704,
              -26.7282
            ],
            [
              -50.872,
              -26.7291
            ],
            [
              -50.874,
              -26.7317
            ],
            [
              -50.8761,
              -26.731
            ],
            [
              -50.8771,
              -26.7291
            ],
            [
              -50.8762,
              -26.7268
            ],
            [
              -50.8739,
              -26.7231
            ],
            [
              -50.8736,
              -26.7215
            ],
            [
              -50.8753,
              -26.7189
            ],
            [
              -50.8768,
              -26.7182
            ],
            [
              -50.8843,
              -26.7124
            ],
            [
              -50.8857,
              -26.712
            ],
            [
              -50.8873,
              -26.7124
            ],
            [
              -50.8886,
              -26.7134
            ],
            [
              -50.8911,
              -26.7142
            ],
            [
              -50.8934,
              -26.7139
            ],
            [
              -50.8954,
              -26.7132
            ],
            [
              -50.897,
              -26.7132
            ],
            [
              -50.8978,
              -26.7124
            ],
            [
              -50.8981,
              -26.7099
            ],
            [
              -50.897,
              -26.7069
            ],
            [
              -50.8977,
              -26.7058
            ],
            [
              -50.9015,
              -26.7027
            ],
            [
              -50.9046,
              -26.6993
            ],
            [
              -50.9073,
              -26.6981
            ],
            [
              -50.909,
              -26.6968
            ],
            [
              -50.912,
              -26.6972
            ],
            [
              -50.9154,
              -26.697
            ],
            [
              -50.9177,
              -26.6952
            ],
            [
              -50.9203,
              -26.6937
            ],
            [
              -50.9229,
              -26.6937
            ],
            [
              -50.9292,
              -26.6914
            ],
            [
              -50.9298,
              -26.6901
            ],
            [
              -50.9293,
              -26.6885
            ],
            [
              -50.9273,
              -26.6875
            ],
            [
              -50.9241,
              -26.6869
            ],
            [
              -50.9226,
              -26.6858
            ],
            [
              -50.9211,
              -26.6823
            ],
            [
              -50.9222,
              -26.6785
            ],
            [
              -50.9242,
              -26.6765
            ],
            [
              -50.9257,
              -26.6741
            ],
            [
              -50.9266,
              -26.6706
            ],
            [
              -50.9279,
              -26.6698
            ],
            [
              -50.9317,
              -26.6695
            ],
            [
              -50.9362,
              -26.6707
            ],
            [
              -50.9387,
              -26.6725
            ],
            [
              -50.9401,
              -26.6729
            ],
            [
              -50.9459,
              -26.6718
            ],
            [
              -50.9471,
              -26.6663
            ],
            [
              -50.9463,
              -26.6631
            ],
            [
              -50.9469,
              -26.6622
            ],
            [
              -50.9496,
              -26.6622
            ],
            [
              -50.9515,
              -26.6627
            ],
            [
              -50.9534,
              -26.6621
            ],
            [
              -50.9537,
              -26.6606
            ],
            [
              -50.9522,
              -26.6576
            ],
            [
              -50.9531,
              -26.6567
            ],
            [
              -50.9555,
              -26.6575
            ],
            [
              -50.9576,
              -26.6577
            ],
            [
              -50.962,
              -26.6561
            ],
            [
              -50.9681,
              -26.6565
            ],
            [
              -50.9702,
              -26.6577
            ],
            [
              -50.972,
              -26.6611
            ],
            [
              -50.9741,
              -26.6614
            ],
            [
              -50.9756,
              -26.66
            ],
            [
              -50.9755,
              -26.6555
            ],
            [
              -50.9761,
              -26.6536
            ],
            [
              -50.9778,
              -26.653
            ],
            [
              -50.9805,
              -26.6533
            ],
            [
              -50.9814,
              -26.654
            ],
            [
              -50.9844,
              -26.6539
            ],
            [
              -50.9877,
              -26.6544
            ],
            [
              -50.9903,
              -26.6543
            ],
            [
              -50.9936,
              -26.6559
            ],
            [
              -50.9957,
              -26.6547
            ],
            [
              -50.9981,
              -26.6562
            ],
            [
              -51.0018,
              -26.6574
            ],
            [
              -51.0024,
              -26.6584
            ],
            [
              -51.0062,
              -26.6611
            ],
            [
              -51.0105,
              -26.6636
            ],
            [
              -51.0171,
              -26.6681
            ],
            [
              -51.0199,
              -26.6702
            ],
            [
              -51.0215,
              -26.6708
            ],
            [
              -51.026,
              -26.6734
            ],
            [
              -51.0258,
              -26.6749
            ],
            [
              -51.0268,
              -26.6793
            ],
            [
              -51.0277,
              -26.6821
            ],
            [
              -51.0294,
              -26.6832
            ],
            [
              -51.0312,
              -26.6825
            ],
            [
              -51.0325,
              -26.6833
            ],
            [
              -51.0337,
              -26.6827
            ],
            [
              -51.0359,
              -26.6844
            ],
            [
              -51.0384,
              -26.6847
            ],
            [
              -51.0392,
              -26.687
            ],
            [
              -51.0429,
              -26.6876
            ],
            [
              -51.0418,
              -26.6914
            ],
            [
              -51.0454,
              -26.6921
            ],
            [
              -51.0464,
              -26.6926
            ],
            [
              -51.0485,
              -26.6948
            ],
            [
              -51.0489,
              -26.697
            ],
            [
              -51.051,
              -26.7
            ],
            [
              -51.0533,
              -26.7012
            ],
            [
              -51.0543,
              -26.6998
            ],
            [
              -51.0566,
              -26.6985
            ],
            [
              -51.06,
              -26.6993
            ],
            [
              -51.0628,
              -26.6981
            ],
            [
              -51.0647,
              -26.6977
            ],
            [
              -51.0671,
              -26.698
            ],
            [
              -51.0693,
              -26.6962
            ],
            [
              -51.0726,
              -26.6962
            ],
            [
              -51.0733,
              -26.697
            ],
            [
              -51.0785,
              -26.6962
            ],
            [
              -51.0829,
              -26.6967
            ],
            [
              -51.0853,
              -26.696
            ],
            [
              -51.0884,
              -26.6964
            ],
            [
              -51.0914,
              -26.6956
            ],
            [
              -51.0962,
              -26.6966
            ],
            [
              -51.0978,
              -26.6961
            ],
            [
              -51.0999,
              -26.6969
            ],
            [
              -51.0997,
              -26.7002
            ],
            [
              -51.1011,
              -26.7011
            ],
            [
              -51.1008,
              -26.7023
            ],
            [
              -51.1013,
              -26.7037
            ],
            [
              -51.1028,
              -26.7049
            ],
            [
              -51.1053,
              -26.7045
            ],
            [
              -51.1064,
              -26.7037
            ],
            [
              -51.1121,
              -26.704
            ],
            [
              -51.1128,
              -26.7037
            ],
            [
              -51.1143,
              -26.7061
            ],
            [
              -51.1189,
              -26.7082
            ],
            [
              -51.1223,
              -26.7084
            ],
            [
              -51.1232,
              -26.708
            ],
            [
              -51.1264,
              -26.7082
            ],
            [
              -51.1285,
              -26.7079
            ],
            [
              -51.1308,
              -26.7089
            ],
            [
              -51.1314,
              -26.7072
            ],
            [
              -51.1307,
              -26.7048
            ],
            [
              -51.131,
              -26.7029
            ],
            [
              -51.1346,
              -26.7041
            ],
            [
              -51.1369,
              -26.7028
            ],
            [
              -51.1405,
              -26.7019
            ],
            [
              -51.1424,
              -26.701
            ],
            [
              -51.1453,
              -26.7004
            ],
            [
              -51.1464,
              -26.6995
            ],
            [
              -51.1476,
              -26.6973
            ],
            [
              -51.1492,
              -26.6958
            ],
            [
              -51.1501,
              -26.6931
            ],
            [
              -51.1511,
              -26.6915
            ],
            [
              -51.156,
              -26.6885
            ],
            [
              -51.1563,
              -26.685
            ],
            [
              -51.1582,
              -26.6835
            ],
            [
              -51.1627,
              -26.6842
            ],
            [
              -51.1646,
              -26.6834
            ],
            [
              -51.1657,
              -26.6824
            ],
            [
              -51.1686,
              -26.6805
            ],
            [
              -51.1705,
              -26.678
            ],
            [
              -51.1727,
              -26.6799
            ],
            [
              -51.1745,
              -26.682
            ],
            [
              -51.1766,
              -26.6833
            ],
            [
              -51.1799,
              -26.6841
            ],
            [
              -51.1821,
              -26.6824
            ],
            [
              -51.1837,
              -26.6804
            ],
            [
              -51.1852,
              -26.6801
            ],
            [
              -51.1879,
              -26.6788
            ],
            [
              -51.1885,
              -26.678
            ],
            [
              -51.1877,
              -26.6763
            ],
            [
              -51.1875,
              -26.6742
            ],
            [
              -51.1884,
              -26.6729
            ],
            [
              -51.1912,
              -26.6716
            ],
            [
              -51.1928,
              -26.6689
            ],
            [
              -51.1943,
              -26.6695
            ],
            [
              -51.1977,
              -26.6719
            ],
            [
              -51.1996,
              -26.6729
            ],
            [
              -51.1994,
              -26.6743
            ],
            [
              -51.2014,
              -26.6761
            ],
            [
              -51.2033,
              -26.6764
            ],
            [
              -51.2063,
              -26.676
            ],
            [
              -51.2069,
              -26.6764
            ],
            [
              -51.21,
              -26.6764
            ],
            [
              -51.2125,
              -26.6771
            ],
            [
              -51.2163,
              -26.6761
            ],
            [
              -51.2179,
              -26.6768
            ],
            [
              -51.2181,
              -26.678
            ],
            [
              -51.22,
              -26.6784
            ],
            [
              -51.2209,
              -26.6775
            ],
            [
              -51.2247,
              -26.6763
            ],
            [
              -51.225,
              -26.6754
            ],
            [
              -51.227,
              -26.6751
            ],
            [
              -51.2289,
              -26.6742
            ],
            [
              -51.2301,
              -26.6712
            ],
            [
              -51.2314,
              -26.6705
            ],
            [
              -51.2326,
              -26.6687
            ],
            [
              -51.232,
              -26.6665
            ],
            [
              -51.2324,
              -26.6653
            ],
            [
              -51.2311,
              -26.6627
            ],
            [
              -51.2315,
              -26.66
            ],
            [
              -51.2313,
              -26.6565
            ],
            [
              -51.2306,
              -26.6555
            ],
            [
              -51.2303,
              -26.6525
            ],
            [
              -51.2305,
              -26.6511
            ],
            [
              -51.2319,
              -26.6484
            ],
            [
              -51.2331,
              -26.6481
            ],
            [
              -51.2341,
              -26.646
            ],
            [
              -51.238,
              -26.6447
            ],
            [
              -51.238,
              -26.6431
            ],
            [
              -51.2391,
              -26.6416
            ],
            [
              -51.2395,
              -26.6386
            ],
            [
              -51.2374,
              -26.6381
            ],
            [
              -51.2371,
              -26.6337
            ],
            [
              -51.2379,
              -26.6322
            ],
            [
              -51.2365,
              -26.6313
            ],
            [
              -51.2369,
              -26.6303
            ],
            [
              -51.239,
              -26.6291
            ],
            [
              -51.2389,
              -26.6279
            ],
            [
              -51.2403,
              -26.6285
            ],
            [
              -51.242,
              -26.6268
            ],
            [
              -51.2465,
              -26.6275
            ],
            [
              -51.2496,
              -26.6271
            ],
            [
              -51.2513,
              -26.6276
            ],
            [
              -51.2527,
              -26.6287
            ],
            [
              -51.2537,
              -26.6273
            ],
            [
              -51.2571,
              -26.6254
            ],
            [
              -51.2584,
              -26.6255
            ],
            [
              -51.26,
              -26.6284
            ],
            [
              -51.2616,
              -26.6291
            ],
            [
              -51.2619,
              -26.6303
            ],
            [
              -51.263,
              -26.6309
            ],
            [
              -51.2622,
              -26.632
            ],
            [
              -51.2626,
              -26.6336
            ],
            [
              -51.2665,
              -26.6363
            ],
            [
              -51.2673,
              -26.6376
            ],
            [
              -51.2687,
              -26.637
            ],
            [
              -51.2696,
              -26.6355
            ],
            [
              -51.2709,
              -26.6366
            ],
            [
              -51.2737,
              -26.6353
            ],
            [
              -51.2769,
              -26.6357
            ],
            [
              -51.2759,
              -26.6384
            ],
            [
              -51.2737,
              -26.6401
            ],
            [
              -51.2739,
              -26.6414
            ],
            [
              -51.2802,
              -26.6417
            ],
            [
              -51.2835,
              -26.6424
            ],
            [
              -51.2826,
              -26.6469
            ],
            [
              -51.2827,
              -26.6497
            ],
            [
              -51.2814,
              -26.6523
            ],
            [
              -51.2828,
              -26.6525
            ],
            [
              -51.2834,
              -26.6536
            ],
            [
              -51.2858,
              -26.6521
            ],
            [
              -51.2872,
              -26.6533
            ],
            [
              -51.2905,
              -26.6532
            ],
            [
              -51.293,
              -26.6544
            ],
            [
              -51.2945,
              -26.6559
            ],
            [
              -51.296,
              -26.6548
            ],
            [
              -51.2978,
              -26.6551
            ],
            [
              -51.2991,
              -26.6533
            ],
            [
              -51.3003,
              -26.6533
            ],
            [
              -51.3017,
              -26.6553
            ],
            [
              -51.3032,
              -26.6543
            ],
            [
              -51.3054,
              -26.6539
            ],
            [
              -51.3073,
              -26.6522
            ],
            [
              -51.3104,
              -26.6512
            ],
            [
              -51.3136,
              -26.6526
            ],
            [
              -51.315,
              -26.6542
            ],
            [
              -51.3183,
              -26.6542
            ],
            [
              -51.3197,
              -26.6549
            ],
            [
              -51.3213,
              -26.6568
            ],
            [
              -51.3227,
              -26.6572
            ],
            [
              -51.3241,
              -26.6555
            ],
            [
              -51.3247,
              -26.6527
            ],
            [
              -51.3243,
              -26.6516
            ],
            [
              -51.3253,
              -26.6486
            ],
            [
              -51.3275,
              -26.648
            ],
            [
              -51.3292,
              -26.6467
            ],
            [
              -51.332,
              -26.6467
            ],
            [
              -51.3336,
              -26.6481
            ],
            [
              -51.3341,
              -26.6497
            ],
            [
              -51.335,
              -26.6499
            ],
            [
              -51.3371,
              -26.6491
            ],
            [
              -51.3411,
              -26.6492
            ],
            [
              -51.3425,
              -26.6484
            ],
            [
              -51.3454,
              -26.6489
            ],
            [
              -51.347,
              -26.6486
            ],
            [
              -51.3521,
              -26.6506
            ],
            [
              -51.3533,
              -26.6521
            ],
            [
              -51.3558,
              -26.6519
            ],
            [
              -51.3567,
              -26.6544
            ],
            [
              -51.3582,
              -26.6557
            ],
            [
              -51.3624,
              -26.6556
            ],
            [
              -51.3661,
              -26.6585
            ],
            [
              -51.3687,
              -26.659
            ],
            [
              -51.371,
              -26.66
            ],
            [
              -51.3742,
              -26.6595
            ],
            [
              -51.3762,
              -26.6582
            ],
            [
              -51.3785,
              -26.6589
            ],
            [
              -51.3823,
              -26.6596
            ],
            [
              -51.3833,
              -26.6607
            ],
            [
              -51.3855,
              -26.6621
            ],
            [
              -51.3895,
              -26.6624
            ],
            [
              -51.3911,
              -26.6632
            ],
            [
              -51.3938,
              -26.6668
            ],
            [
              -51.3962,
              -26.6678
            ],
            [
              -51.3975,
              -26.6701
            ],
            [
              -51.4005,
              -26.6731
            ],
            [
              -51.4049,
              -26.6756
            ],
            [
              -51.4051,
              -26.6777
            ],
            [
              -51.4023,
              -26.6796
            ],
            [
              -51.3986,
              -26.6807
            ],
            [
              -51.3959,
              -26.6812
            ],
            [
              -51.3928,
              -26.6849
            ],
            [
              -51.3926,
              -26.6891
            ],
            [
              -51.3934,
              -26.6924
            ],
            [
              -51.3933,
              -26.6954
            ],
            [
              -51.3929,
              -26.6989
            ],
            [
              -51.3942,
              -26.703
            ],
            [
              -51.3963,
              -26.7073
            ],
            [
              -51.398,
              -26.7102
            ],
            [
              -51.4,
              -26.7122
            ],
            [
              -51.4028,
              -26.7134
            ],
            [
              -51.4088,
              -26.7151
            ],
            [
              -51.4115,
              -26.7171
            ],
            [
              -51.4117,
              -26.7209
            ],
            [
              -51.4081,
              -26.7225
            ],
            [
              -51.4026,
              -26.7244
            ],
            [
              -51.3978,
              -26.7275
            ],
            [
              -51.3866,
              -26.7312
            ],
            [
              -51.3854,
              -26.7318
            ],
            [
              -51.3792,
              -26.7369
            ],
            [
              -51.3782,
              -26.7372
            ],
            [
              -51.3696,
              -26.737
            ],
            [
              -51.366,
              -26.7357
            ],
            [
              -51.3636,
              -26.7353
            ],
            [
              -51.3601,
              -26.7358
            ],
            [
              -51.3586,
              -26.7354
            ],
            [
              -51.3563,
              -26.7339
            ],
            [
              -51.3551,
              -26.7337
            ],
            [
              -51.3517,
              -26.7341
            ],
            [
              -51.3454,
              -26.7339
            ],
            [
              -51.3391,
              -26.7342
            ],
            [
              -51.3352,
              -26.7354
            ],
            [
              -51.3343,
              -26.736
            ],
            [
              -51.3307,
              -26.7418
            ],
            [
              -51.3296,
              -26.7426
            ],
            [
              -51.3204,
              -26.7461
            ],
            [
              -51.318,
              -26.7461
            ],
            [
              -51.3143,
              -26.7472
            ],
            [
              -51.312,
              -26.7467
            ],
            [
              -51.3016,
              -26.7541
            ],
            [
              -51.2979,
              -26.7577
            ],
            [
              -51.2929,
              -26.7613
            ],
            [
              -51.2858,
              -26.7652
            ],
            [
              -51.2844,
              -26.7658
            ],
            [
              -51.2766,
              -26.7676
            ],
            [
              -51.2742,
              -26.7673
            ],
            [
              -51.2724,
              -26.7677
            ],
            [
              -51.2644,
              -26.7711
            ],
            [
              -51.2616,
              -26.7732
            ],
            [
              -51.2597,
              -26.7742
            ],
            [
              -51.2554,
              -26.7739
            ],
            [
              -51.2522,
              -26.7883
            ],
            [
              -51.25,
              -26.7879
            ],
            [
              -51.2489,
              -26.789
            ],
            [
              -51.2478,
              -26.7925
            ],
            [
              -51.2437,
              -26.796
            ],
            [
              -51.2415,
              -26.7973
            ],
            [
              -51.2408,
              -26.7992
            ],
            [
              -51.2382,
              -26.8016
            ],
            [
              -51.2366,
              -26.8143
            ],
            [
              -51.2389,
              -26.8137
            ],
            [
              -51.2411,
              -26.8146
            ],
            [
              -51.2422,
              -26.8159
            ],
            [
              -51.2435,
              -26.8157
            ],
            [
              -51.244,
              -26.8171
            ],
            [
              -51.2424,
              -26.8186
            ],
            [
              -51.2399,
              -26.8191
            ],
            [
              -51.2387,
              -26.8206
            ],
            [
              -51.2361,
              -26.8228
            ],
            [
              -51.236,
              -26.8239
            ],
            [
              -51.2349,
              -26.826
            ],
            [
              -51.237,
              -26.8263
            ],
            [
              -51.2398,
              -26.8246
            ],
            [
              -51.2449,
              -26.8275
            ],
            [
              -51.2445,
              -26.8291
            ],
            [
              -51.2433,
              -26.8307
            ],
            [
              -51.245,
              -26.8319
            ],
            [
              -51.2469,
              -26.8319
            ],
            [
              -51.2539,
              -26.8365
            ],
            [
              -51.258,
              -26.8374
            ],
            [
              -51.2594,
              -26.838
            ],
            [
              -51.2623,
              -26.8423
            ],
            [
              -51.2659,
              -26.8432
            ],
            [
              -51.2674,
              -26.8467
            ],
            [
              -51.2683,
              -26.8476
            ],
            [
              -51.2713,
              -26.8491
            ],
            [
              -51.2729,
              -26.8488
            ],
            [
              -51.2754,
              -26.8494
            ],
            [
              -51.2771,
              -26.8508
            ],
            [
              -51.2764,
              -26.8535
            ],
            [
              -51.2779,
              -26.856
            ],
            [
              -51.2805,
              -26.8575
            ],
            [
              -51.2817,
              -26.8591
            ],
            [
              -51.2821,
              -26.8628
            ],
            [
              -51.2817,
              -26.8639
            ],
            [
              -51.2789,
              -26.8637
            ],
            [
              -51.2751,
              -26.8616
            ],
            [
              -51.2741,
              -26.8601
            ],
            [
              -51.272,
              -26.8595
            ],
            [
              -51.271,
              -26.8616
            ],
            [
              -51.2714,
              -26.8643
            ],
            [
              -51.2706,
              -26.867
            ],
            [
              -51.2717,
              -26.8696
            ],
            [
              -51.2731,
              -26.8696
            ],
            [
              -51.2748,
              -26.8681
            ],
            [
              -51.2778,
              -26.8688
            ],
            [
              -51.2788,
              -26.8686
            ],
            [
              -51.2801,
              -26.8716
            ],
            [
              -51.2811,
              -26.8725
            ],
            [
              -51.2844,
              -26.8738
            ],
            [
              -51.2468,
              -26.8847
            ],
            [
              -51.245,
              -26.8857
            ],
            [
              -51.2427,
              -26.883
            ],
            [
              -51.2426,
              -26.8807
            ],
            [
              -51.2409,
              -26.8806
            ],
            [
              -51.2399,
              -26.8788
            ],
            [
              -51.241,
              -26.8775
            ],
            [
              -51.2414,
              -26.8754
            ],
            [
              -51.24,
              -26.8746
            ],
            [
              -51.2389,
              -26.8755
            ],
            [
              -51.2369,
              -26.8757
            ],
            [
              -51.2345,
              -26.8754
            ],
            [
              -51.2336,
              -26.8744
            ],
            [
              -51.2318,
              -26.8751
            ],
            [
              -51.2306,
              -26.8734
            ],
            [
              -51.2294,
              -26.8744
            ],
            [
              -51.2276,
              -26.8744
            ],
            [
              -51.2283,
              -26.872
            ],
            [
              -51.2274,
              -26.8704
            ],
            [
              -51.2278,
              -26.8691
            ],
            [
              -51.2259,
              -26.8669
            ],
            [
              -51.2235,
              -26.8669
            ],
            [
              -51.2229,
              -26.8675
            ],
            [
              -51.2212,
              -26.8669
            ],
            [
              -51.2194,
              -26.8672
            ],
            [
              -51.2183,
              -26.8644
            ],
            [
              -51.2191,
              -26.8635
            ],
            [
              -51.218,
              -26.8619
            ],
            [
              -51.2185,
              -26.8607
            ],
            [
              -51.2167,
              -26.8577
            ],
            [
              -51.2132,
              -26.8562
            ],
            [
              -51.2098,
              -26.8542
            ],
            [
              -51.2083,
              -26.854
            ],
            [
              -51.2054,
              -26.8525
            ],
            [
              -51.2038,
              -26.851
            ],
            [
              -51.1995,
              -26.8495
            ],
            [
              -51.1971,
              -26.8494
            ],
            [
              -51.1935,
              -26.851
            ],
            [
              -51.1922,
              -26.8513
            ]
          ]
        ]
      },
      "properties": {
        "codarea": "4203006",
        "nome_municipio": "Caçador",
        "codigo_ibge": 4203006
      }
    },
    {
      "type": "Feature",
      "geometry": {
        "type": "Polygon",
        "coordinates": [
          [
            [
              -50.846,
              -26.8729
            ],
            [
              -50.8432,
              -26.8722
            ],
            [
              -50.8415,
              -26.8738
            ],
            [
              -50.8425,
              -26.877
            ],
            [
              -50.8411,
              -26.8788
            ],
            [
              -50.8409,
              -26.8803
            ],
            [
              -50.8413,
              -26.8819
            ],
            [
              -50.8405,
              -26.8846
            ],
            [
              -50.8405,
              -26.8865
            ],
            [
              -50.8398,
              -26.8883
            ],
            [
              -50.8403,
              -26.8917
            ],
            [
              -50.8429,
              -26.8954
            ],
            [
              -50.8432,
              -26.8972
            ],
            [
              -50.8425,
              -26.8975
            ],
            [
              -50.8422,
              -26.8993
            ],
            [
              -50.8385,
              -26.9024
            ],
            [
              -50.8392,
              -26.904
            ],
            [
              -50.8387,
              -26.9058
            ],
            [
              -50.8393,
              -26.907
            ],
            [
              -50.8413,
              -26.9082
            ],
            [
              -50.8425,
              -26.9102
            ],
            [
              -50.843,
              -26.9125
            ],
            [
              -50.8428,
              -26.9142
            ],
            [
              -50.8441,
              -26.9156
            ],
            [
              -50.8454,
              -26.9183
            ],
            [
              -50.8474,
              -26.9187
            ],
            [
              -50.8479,
              -26.9217
            ],
            [
              -50.8479,
              -26.9236
            ],
            [
              -50.8458,
              -26.926
            ],
            [
              -50.846,
              -26.9272
            ],
            [
              -50.8449,
              -26.9298
            ],
            [
              -50.8449,
              -26.9317
            ],
            [
              -50.8438,
              -26.9344
            ],
            [
              -50.8425,
              -26.9351
            ],
            [
              -50.8407,
              -26.9368
            ],
            [
              -50.8366,
              -26.9382
            ],
            [
              -50.8341,
              -26.9416
            ],
            [
              -50.8342,
              -26.9446
            ],
            [
              -50.8321,
              -26.9477
            ],
            [
              -50.8338,
              -26.9483
            ],
            [
              -50.8356,
              -26.9496
            ],
            [
              -50.8357,
              -26.9514
            ],
            [
              -50.8347,
              -26.9525
            ],
            [
              -50.8346,
              -26.9545
            ],
            [
              -50.8352,
              -26.9578
            ],
            [
              -50.8351,
              -26.961
            ],
            [
              -50.8332,
              -26.964
            ],
            [
              -50.8334,
              -26.967
            ],
            [
              -50.8322,
              -26.9681
            ],
            [
              -50.8298,
              -26.9695
            ],
            [
              -50.8286,
              -26.9708
            ],
            [
              -50.8279,
              -26.9733
            ],
            [
              -50.8245,
              -26.9763
            ],
            [
              -50.8225,
              -26.977
            ],
            [
              -50.8237,
              -26.9792
            ],
            [
              -50.8228,
              -26.9815
            ],
            [
              -50.824,
              -26.9845
            ],
            [
              -50.8227,
              -26.9853
            ],
            [
              -50.8226,
              -26.9864
            ],
            [
              -50.8243,
              -26.988
            ],
            [
              -50.8257,
              -26.9887
            ],
            [
              -50.825,
              -26.9902
            ],
            [
              -50.8209,
              -26.9915
            ],
            [
              -50.8198,
              -26.9913
            ],
            [
              -50.8182,
              -26.9898
            ],
            [
              -50.8159,
              -26.9894
            ],
            [
              -50.8141,
              -26.9912
            ],
            [
              -50.8143,
              -26.9929
            ],
            [
              -50.8162,
              -26.9949
            ],
            [
              -50.8147,
              -26.9962
            ],
            [
              -50.8127,
              -26.9958
            ],
            [
              -50.8104,
              -26.9962
            ],
            [
              -50.8094,
              -26.9959
            ],
            [
              -50.8077,
              -26.9968
            ],
            [
              -50.8054,
              -26.9961
            ],
            [
              -50.805,
              -26.9949
            ],
            [
              -50.8033,
              -26.9955
            ],
            [
              -50.8019,
              -26.997
            ],
            [
              -50.7999,
              -26.9973
            ],
            [
              -50.7977,
              -26.9983
            ],
            [
              -50.7991,
              -26.9992
            ],
            [
              -50.797,
              -27.0014
            ],
            [
              -50.7985,
              -27.0027
            ],
            [
              -50.8013,
              -27.003
            ],
            [
              -50.8015,
              -27.0052
            ],
            [
              -50.8025,
              -27.0068
            ],
            [
              -50.802,
              -27.0077
            ],
            [
              -50.8031,
              -27.0095
            ],
            [
              -50.8023,
              -27.0114
            ],
            [
              -50.8023,
              -27.0134
            ],
            [
              -50.8009,
              -27.0135
            ],
            [
              -50.7988,
              -27.0117
            ],
            [
              -50.7973,
              -27.0138
            ],
            [
              -50.7961,
              -27.0135
            ],
            [
              -50.7928,
              -27.0106
            ],
            [
              -50.7908,
              -27.0105
            ],
            [
              -50.7887,
              -27.0094
            ],
            [
              -50.7897,
              -27.0087
            ],
            [
              -50.7895,
              -27.0072
            ],
            [
              -50.7914,
              -27.0051
            ],
            [
              -50.7912,
              -27.0038
            ],
            [
              -50.7866,
              -27.0033
            ],
            [
              -50.7837,
              -27.004
            ],
            [
              -50.782,
              -27.0039
            ],
            [
              -50.7813,
              -27.003
            ],
            [
              -50.7847,
              -26.9996
            ],
            [
              -50.7846,
              -26.9981
            ],
            [
              -50.7821,
              -26.9977
            ],
            [
              -50.7793,
              -26.9988
            ],
            [
              -50.7778,
              -26.9998
            ],
            [
              -50.7765,
              -26.9996
            ],
            [
              -50.7767,
              -26.9981
            ],
            [
              -50.7791,
              -26.995
            ],
            [
              -50.7814,
              -26.9935
            ],
            [
              -50.7806,
              -26.9922
            ],
            [
              -50.7787,
              -26.992
            ],
            [
              -50.7776,
              -26.993
            ],
            [
              -50.7757,
              -26.9935
            ],
            [
              -50.7734,
              -26.9948
            ],
            [
              -50.7697,
              -26.9984
            ],
            [
              -50.7671,
              -26.9988
            ],
            [
              -50.7645,
              -26.9978
            ],
            [
              -50.7641,
              -26.997
            ],
            [
              -50.7655,
              -26.9942
            ],
            [
              -50.7655,
              -26.9932
            ],
            [
              -50.7673,
              -26.9885
            ],
            [
              -50.7658,
              -26.9881
            ],
            [
              -50.7635,
              -26.9884
            ],
            [
              -50.762,
              -26.991
            ],
            [
              -50.7606,
              -26.9917
            ],
            [
              -50.7595,
              -26.9938
            ],
            [
              -50.7595,
              -26.9955
            ],
            [
              -50.759,
              -26.9976
            ],
            [
              -50.7599,
              -26.9995
            ],
            [
              -50.7615,
              -27.0012
            ],
            [
              -50.7588,
              -27.0029
            ],
            [
              -50.7554,
              -27.0006
            ],
            [
              -50.751,
              -26.9987
            ],
            [
              -50.7492,
              -26.9984
            ],
            [
              -50.7466,
              -26.9988
            ],
            [
              -50.7443,
              -27.0005
            ],
            [
              -50.7435,
              -27.0026
            ],
            [
              -50.7438,
              -27.0035
            ],
            [
              -50.7454,
              -27.0041
            ],
            [
              -50.7477,
              -27.0039
            ],
            [
              -50.7473,
              -27.0059
            ],
            [
              -50.7505,
              -27.0093
            ],
            [
              -50.7482,
              -27.0124
            ],
            [
              -50.7463,
              -27.0145
            ],
            [
              -50.7431,
              -27.0164
            ],
            [
              -50.7395,
              -27.0164
            ],
            [
              -50.7341,
              -27.017
            ],
            [
              -50.7332,
              -27.0178
            ],
            [
              -50.7337,
              -27.0201
            ],
            [
              -50.735,
              -27.0231
            ],
            [
              -50.7354,
              -27.025
            ],
            [
              -50.7365,
              -27.0257
            ],
            [
              -50.7429,
              -27.0262
            ],
            [
              -50.7478,
              -27.028
            ],
            [
              -50.7508,
              -27.0311
            ],
            [
              -50.7492,
              -27.0314
            ],
            [
              -50.749,
              -27.0301
            ],
            [
              -50.7475,
              -27.0301
            ],
            [
              -50.7467,
              -27.0321
            ],
            [
              -50.7444,
              -27.0322
            ],
            [
              -50.7409,
              -27.0343
            ],
            [
              -50.7387,
              -27.0346
            ],
            [
              -50.7377,
              -27.0353
            ],
            [
              -50.7368,
              -27.0343
            ],
            [
              -50.7352,
              -27.0347
            ],
            [
              -50.7322,
              -27.0346
            ],
            [
              -50.731,
              -27.0359
            ],
            [
              -50.7309,
              -27.0371
            ],
            [
              -50.7317,
              -27.0392
            ],
            [
              -50.7293,
              -27.0394
            ],
            [
              -50.7293,
              -27.041
            ],
            [
              -50.7313,
              -27.0432
            ],
            [
              -50.7318,
              -27.0452
            ],
            [
              -50.7311,
              -27.048
            ],
            [
              -50.7303,
              -27.0496
            ],
            [
              -50.7292,
              -27.0505
            ],
            [
              -50.7253,
              -27.0513
            ],
            [
              -50.7242,
              -27.0526
            ],
            [
              -50.7249,
              -27.0541
            ],
            [
              -50.7261,
              -27.0551
            ],
            [
              -50.7255,
              -27.0565
            ],
            [
              -50.723,
              -27.0572
            ],
            [
              -50.7209,
              -27.0592
            ],
            [
              -50.7207,
              -27.0607
            ],
            [
              -50.7228,
              -27.0635
            ],
            [
              -50.7247,
              -27.0629
            ],
            [
              -50.7255,
              -27.0615
            ],
            [
              -50.7278,
              -27.0598
            ],
            [
              -50.7299,
              -27.0576
            ],
            [
              -50.7312,
              -27.0568
            ],
            [
              -50.7332,
              -27.0582
            ],
            [
              -50.7326,
              -27.0593
            ],
            [
              -50.7305,
              -27.0585
            ],
            [
              -50.7284,
              -27.0638
            ],
            [
              -50.7319,
              -27.0626
            ],
            [
              -50.7337,
              -27.0648
            ],
            [
              -50.7345,
              -27.0681
            ],
            [
              -50.7318,
              -27.0706
            ],
            [
              -50.731,
              -27.0737
            ],
            [
              -50.7277,
              -27.0747
            ],
            [
              -50.7259,
              -27.0768
            ],
            [
              -50.7259,
              -27.0799
            ],
            [
              -50.7229,
              -27.0802
            ],
            [
              -50.7213,
              -27.0819
            ],
            [
              -50.717,
              -27.0829
            ],
            [
              -50.7158,
              -27.0828
            ],
            [
              -50.714,
              -27.084
            ],
            [
              -50.7127,
              -27.0875
            ],
            [
              -50.7127,
              -27.0899
            ],
            [
              -50.7132,
              -27.0907
            ],
            [
              -50.7152,
              -27.0912
            ],
            [
              -50.7179,
              -27.0898
            ],
            [
              -50.7203,
              -27.0909
            ],
            [
              -50.7225,
              -27.0912
            ],
            [
              -50.7225,
              -27.0927
            ],
            [
              -50.7214,
              -27.0935
            ],
            [
              -50.7208,
              -27.0963
            ],
            [
              -50.721,
              -27.0974
            ],
            [
              -50.7196,
              -27.0992
            ],
            [
              -50.7183,
              -27.0999
            ],
            [
              -50.7157,
              -27.1003
            ],
            [
              -50.7124,
              -27.1
            ],
            [
              -50.7106,
              -27.1005
            ],
            [
              -50.7078,
              -27.1008
            ],
            [
              -50.7071,
              -27.0994
            ],
            [
              -50.707,
              -27.0972
            ],
            [
              -50.7038,
              -27.0967
            ],
            [
              -50.7021,
              -27.0956
            ],
            [
              -50.7005,
              -27.0955
            ],
            [
              -50.6997,
              -27.0933
            ],
            [
              -50.6982,
              -27.0927
            ],
            [
              -50.6951,
              -27.0934
            ],
            [
              -50.6932,
              -27.0933
            ],
            [
              -50.6907,
              -27.0938
            ],
            [
              -50.6884,
              -27.0936
            ],
            [
              -50.6894,
              -27.0887
            ],
            [
              -50.6913,
              -27.0869
            ],
            [
              -50.6917,
              -27.0857
            ],
            [
              -50.6911,
              -27.0838
            ],
            [
              -50.6886,
              -27.0842
            ],
            [
              -50.6875,
              -27.0832
            ],
            [
              -50.6857,
              -27.0831
            ],
            [
              -50.683,
              -27.0836
            ],
            [
              -50.6804,
              -27.0835
            ],
            [
              -50.6761,
              -27.0812
            ],
            [
              -50.6739,
              -27.0813
            ],
            [
              -50.6724,
              -27.0833
            ],
            [
              -50.6728,
              -27.0855
            ],
            [
              -50.6718,
              -27.0864
            ],
            [
              -50.6654,
              -27.0876
            ],
            [
              -50.664,
              -27.0876
            ],
            [
              -50.6598,
              -27.0898
            ],
            [
              -50.6583,
              -27.0891
            ],
            [
              -50.6579,
              -27.0869
            ],
            [
              -50.6604,
              -27.0849
            ],
            [
              -50.6617,
              -27.0831
            ],
            [
              -50.6646,
              -27.0807
            ],
            [
              -50.6668,
              -27.0796
            ],
            [
              -50.6692,
              -27.0789
            ],
            [
              -50.6715,
              -27.0747
            ],
            [
              -50.6696,
              -27.0722
            ],
            [
              -50.6698,
              -27.0714
            ],
            [
              -50.6715,
              -27.0704
            ],
            [
              -50.6718,
              -27.0691
            ],
            [
              -50.6692,
              -27.0687
            ],
            [
              -50.6676,
              -27.0703
            ],
            [
              -50.6678,
              -27.0715
            ],
            [
              -50.6658,
              -27.0711
            ],
            [
              -50.6636,
              -27.0701
            ],
            [
              -50.6607,
              -27.0677
            ],
            [
              -50.6595,
              -27.0664
            ],
            [
              -50.6578,
              -27.0658
            ],
            [
              -50.6583,
              -27.064
            ],
            [
              -50.6604,
              -27.0633
            ],
            [
              -50.6638,
              -27.059
            ],
            [
              -50.6623,
              -27.0549
            ],
            [
              -50.6608,
              -27.0559
            ],
            [
              -50.6585,
              -27.0555
            ],
            [
              -50.6569,
              -27.0544
            ],
            [
              -50.6555,
              -27.0521
            ],
            [
              -50.6537,
              -27.0506
            ],
            [
              -50.6557,
              -27.05
            ],
            [
              -50.6563,
              -27.0492
            ],
            [
              -50.6544,
              -27.0477
            ],
            [
              -50.6534,
              -27.044
            ],
            [
              -50.6505,
              -27.0418
            ],
            [
              -50.6532,
              -27.0365
            ],
            [
              -50.6538,
              -27.0336
            ],
            [
              -50.6563,
              -27.031
            ],
            [
              -50.6567,
              -27.03
            ],
            [
              -50.6558,
              -27.0272
            ],
            [
              -50.6538,
              -27.0275
            ],
            [
              -50.6524,
              -27.0283
            ],
            [
              -50.651,
              -27.0283
            ],
            [
              -50.6486,
              -27.0269
            ],
            [
              -50.6476,
              -27.0284
            ],
            [
              -50.6447,
              -27.0276
            ],
            [
              -50.6416,
              -27.0314
            ],
            [
              -50.6394,
              -27.0295
            ],
            [
              -50.6369,
              -27.0292
            ],
            [
              -50.6346,
              -27.0264
            ],
            [
              -50.6338,
              -27.023
            ],
            [
              -50.6319,
              -27.0208
            ],
            [
              -50.6295,
              -27.0199
            ],
            [
              -50.6301,
              -27.0179
            ],
            [
              -50.6306,
              -27.0132
            ],
            [
              -50.6314,
              -27.0128
            ],
            [
              -50.6316,
              -27.0099
            ],
            [
              -50.6294,
              -27.0081
            ],
            [
              -50.6269,
              -27.0073
            ],
            [
              -50.6246,
              -27.005
            ],
            [
              -50.6223,
              -27.0044
            ],
            [
              -50.6197,
              -27.0027
            ],
            [
              -50.6186,
              -27.0008
            ],
            [
              -50.6203,
              -26.9992
            ],
            [
              -50.6192,
              -26.9981
            ],
            [
              -50.6192,
              -26.9969
            ],
            [
              -50.6201,
              -26.9955
            ],
            [
              -50.6218,
              -26.9954
            ],
            [
              -50.6231,
              -26.993
            ],
            [
              -50.6255,
              -26.991
            ],
            [
              -50.6241,
              -26.9897
            ],
            [
              -50.6206,
              -26.9896
            ],
            [
              -50.6193,
              -26.9887
            ],
            [
              -50.616,
              -26.9891
            ],
            [
              -50.6122,
              -26.9882
            ],
            [
              -50.6092,
              -26.9916
            ],
            [
              -50.6074,
              -26.992
            ],
            [
              -50.6061,
              -26.9912
            ],
            [
              -50.6052,
              -26.9919
            ],
            [
              -50.6044,
              -26.9893
            ],
            [
              -50.603,
              -26.9863
            ],
            [
              -50.6016,
              -26.9855
            ],
            [
              -50.6011,
              -26.9843
            ],
            [
              -50.6015,
              -26.9815
            ],
            [
              -50.6032,
              -26.9794
            ],
            [
              -50.6059,
              -26.9783
            ],
            [
              -50.6055,
              -26.9768
            ],
            [
              -50.6022,
              -26.9754
            ],
            [
              -50.602,
              -26.9749
            ],
            [
              -50.6034,
              -26.973
            ],
            [
              -50.605,
              -26.9734
            ],
            [
              -50.6067,
              -26.9746
            ],
            [
              -50.61,
              -26.9755
            ],
            [
              -50.6115,
              -26.9747
            ],
            [
              -50.6137,
              -26.9752
            ],
            [
              -50.6143,
              -26.9722
            ],
            [
              -50.6129,
              -26.9714
            ],
            [
              -50.611,
              -26.9716
            ],
            [
              -50.609,
              -26.9705
            ],
            [
              -50.6092,
              -26.969
            ],
            [
              -50.6111,
              -26.9701
            ],
            [
              -50.6125,
              -26.97
            ],
            [
              -50.6135,
              -26.9686
            ],
            [
              -50.6134,
              -26.9672
            ],
            [
              -50.6155,
              -26.9661
            ],
            [
              -50.6161,
              -26.9623
            ],
            [
              -50.6172,
              -26.9615
            ],
            [
              -50.6171,
              -26.9599
            ],
            [
              -50.6152,
              -26.959
            ],
            [
              -50.617,
              -26.9555
            ],
            [
              -50.6186,
              -26.9548
            ],
            [
              -50.6191,
              -26.9536
            ],
            [
              -50.6183,
              -26.9526
            ],
            [
              -50.6155,
              -26.9529
            ],
            [
              -50.6147,
              -26.9523
            ],
            [
              -50.6121,
              -26.9522
            ],
            [
              -50.6113,
              -26.9502
            ],
            [
              -50.6081,
              -26.9497
            ],
            [
              -50.6076,
              -26.9489
            ],
            [
              -50.608,
              -26.946
            ],
            [
              -50.6088,
              -26.9462
            ],
            [
              -50.6111,
              -26.9447
            ],
            [
              -50.61,
              -26.94
            ],
            [
              -50.6073,
              -26.9385
            ],
            [
              -50.6061,
              -26.9365
            ],
            [
              -50.603,
              -26.9343
            ],
            [
              -50.6017,
              -26.9356
            ],
            [
              -50.5999,
              -26.9354
            ],
            [
              -50.5985,
              -26.9365
            ],
            [
              -50.5967,
              -26.9351
            ],
            [
              -50.5948,
              -26.9343
            ],
            [
              -50.594,
              -26.9312
            ],
            [
              -50.591,
              -26.928
            ],
            [
              -50.5921,
              -26.9244
            ],
            [
              -50.5908,
              -26.9223
            ],
            [
              -50.5905,
              -26.9208
            ],
            [
              -50.5946,
              -26.9203
            ],
            [
              -50.5946,
              -26.9182
            ],
            [
              -50.5931,
              -26.918
            ],
            [
              -50.5927,
              -26.9167
            ],
            [
              -50.595,
              -26.9164
            ],
            [
              -50.5953,
              -26.9149
            ],
            [
              -50.5981,
              -26.914
            ],
            [
              -50.6002,
              -26.9126
            ],
            [
              -50.5996,
              -26.9105
            ],
            [
              -50.5998,
              -26.9087
            ],
            [
              -50.597,
              -26.9085
            ],
            [
              -50.5963,
              -26.9056
            ],
            [
              -50.5944,
              -26.9053
            ],
            [
              -50.5949,
              -26.9041
            ],
            [
              -50.5938,
              -26.9033
            ],
            [
              -50.5941,
              -26.9016
            ],
            [
              -50.5918,
              -26.8999
            ],
            [
              -50.591,
              -26.8975
            ],
            [
              -50.5893,
              -26.8965
            ],
            [
              -50.5913,
              -26.895
            ],
            [
              -50.5916,
              -26.8936
            ],
            [
              -50.5903,
              -26.8918
            ],
            [
              -50.5877,
              -26.8925
            ],
            [
              -50.5864,
              -26.894
            ],
            [
              -50.5841,
              -26.8944
            ],
            [
              -50.5841,
              -26.8907
            ],
            [
              -50.585,
              -26.8887
            ],
            [
              -50.584,
              -26.8863
            ],
            [
              -50.5853,
              -26.8858
            ],
            [
              -50.5849,
              -26.8839
            ],
            [
              -50.5857,
              -26.8835
            ],
            [
              -50.5863,
              -26.8807
            ],
            [
              -50.5859,
              -26.8791
            ],
            [
              -50.5866,
              -26.8778
            ],
            [
              -50.5881,
              -26.877
            ],
            [
              -50.5885,
              -26.8745
            ],
            [
              -50.5867,
              -26.8731
            ],
            [
              -50.5819,
              -26.8718
            ],
            [
              -50.5794,
              -26.8724
            ],
            [
              -50.5788,
              -26.8737
            ],
            [
              -50.5745,
              -26.871
            ],
            [
              -50.5763,
              -26.8681
            ],
            [
              -50.5766,
              -26.8666
            ],
            [
              -50.5777,
              -26.8657
            ],
            [
              -50.5822,
              -26.8681
            ],
            [
              -50.5841,
              -26.8677
            ],
            [
              -50.5844,
              -26.8658
            ],
            [
              -50.5862,
              -26.8655
            ],
            [
              -50.5883,
              -26.8638
            ],
            [
              -50.5873,
              -26.8614
            ],
            [
              -50.5836,
              -26.8601
            ],
            [
              -50.5833,
              -26.857
            ],
            [
              -50.5816,
              -26.8576
            ],
            [
              -50.5799,
              -26.8572
            ],
            [
              -50.5794,
              -26.8553
            ],
            [
              -50.5772,
              -26.855
            ],
            [
              -50.5755,
              -26.8522
            ],
            [
              -50.576,
              -26.8506
            ],
            [
              -50.5752,
              -26.8496
            ],
            [
              -50.5747,
              -26.846
            ],
            [
              -50.5758,
              -26.8444
            ],
            [
              -50.575,
              -26.8437
            ],
            [
              -50.5725,
              -26.8434
            ],
            [
              -50.5708,
              -26.8436
            ],
            [
              -50.5694,
              -26.8461
            ],
            [
              -50.5683,
              -26.8457
            ],
            [
              -50.5678,
              -26.8443
            ],
            [
              -50.5652,
              -26.8431
            ],
            [
              -50.5638,
              -26.8436
            ],
            [
              -50.5628,
              -26.8432
            ],
            [
              -50.5619,
              -26.8415
            ],
            [
              -50.5634,
              -26.8406
            ],
            [
              -50.5627,
              -26.8396
            ],
            [
              -50.5638,
              -26.8376
            ],
            [
              -50.5621,
              -26.8367
            ],
            [
              -50.5594,
              -26.8346
            ],
            [
              -50.5583,
              -26.833
            ],
            [
              -50.5566,
              -26.8327
            ],
            [
              -50.5547,
              -26.8316
            ],
            [
              -50.5529,
              -26.8286
            ],
            [
              -50.5506,
              -26.8314
            ],
            [
              -50.5461,
              -26.8324
            ],
            [
              -50.5435,
              -26.8342
            ],
            [
              -50.5417,
              -26.8347
            ],
            [
              -50.5381,
              -26.8321
            ],
            [
              -50.5368,
              -26.8323
            ],
            [
              -50.5355,
              -26.8316
            ],
            [
              -50.5355,
              -26.8299
            ],
            [
              -50.5333,
              -26.8294
            ],
            [
              -50.5331,
              -26.827
            ],
            [
              -50.5312,
              -26.8262
            ],
            [
              -50.5294,
              -26.8264
            ],
            [
              -50.5283,
              -26.8272
            ],
            [
              -50.5258,
              -26.8264
            ],
            [
              -50.5233,
              -26.8232
            ],
            [
              -50.5205,
              -26.8227
            ],
            [
              -50.52,
              -26.8218
            ],
            [
              -50.5155,
              -26.8231
            ],
            [
              -50.5143,
              -26.8239
            ],
            [
              -50.5129,
              -26.8261
            ],
            [
              -50.5086,
              -26.8237
            ],
            [
              -50.5063,
              -26.8233
            ],
            [
              -50.5045,
              -26.8237
            ],
            [
              -50.5029,
              -26.8233
            ],
            [
              -50.4989,
              -26.8198
            ],
            [
              -50.4969,
              -26.8178
            ],
            [
              -50.4848,
              -26.8177
            ],
            [
              -50.4855,
              -26.8169
            ],
            [
              -50.4875,
              -26.8169
            ],
            [
              -50.4891,
              -26.8156
            ],
            [
              -50.4921,
              -26.8142
            ],
            [
              -50.4956,
              -26.812
            ],
            [
              -50.4978,
              -26.8123
            ],
            [
              -50.5002,
              -26.8109
            ],
            [
              -50.5003,
              -26.81
            ],
            [
              -50.5054,
              -26.8085
            ],
            [
              -50.5063,
              -26.8078
            ],
            [
              -50.5067,
              -26.8054
            ],
            [
              -50.5065,
              -26.8037
            ],
            [
              -50.5077,
              -26.8018
            ],
            [
              -50.5069,
              -26.801
            ],
            [
              -50.5086,
              -26.7985
            ],
            [
              -50.5078,
              -26.7977
            ],
            [
              -50.5087,
              -26.7963
            ],
            [
              -50.5115,
              -26.7942
            ],
            [
              -50.5129,
              -26.7913
            ],
            [
              -50.5159,
              -26.7893
            ],
            [
              -50.5168,
              -26.7879
            ],
            [
              -50.5185,
              -26.7867
            ],
            [
              -50.5185,
              -26.7849
            ],
            [
              -50.5205,
              -26.7852
            ],
            [
              -50.5225,
              -26.7843
            ],
            [
              -50.5234,
              -26.7831
            ],
            [
              -50.5252,
              -26.7832
            ],
            [
              -50.5267,
              -26.781
            ],
            [
              -50.5279,
              -26.7807
            ],
            [
              -50.5289,
              -26.7821
            ],
            [
              -50.5317,
              -26.7802
            ],
            [
              -50.5321,
              -26.7779
            ],
            [
              -50.5336,
              -26.7771
            ],
            [
              -50.5345,
              -26.7775
            ],
            [
              -50.5362,
              -26.7766
            ],
            [
              -50.5363,
              -26.7753
            ],
            [
              -50.5381,
              -26.7751
            ],
            [
              -50.5395,
              -26.7756
            ],
            [
              -50.5413,
              -26.7739
            ],
            [
              -50.5418,
              -26.7722
            ],
            [
              -50.543,
              -26.7727
            ],
            [
              -50.5433,
              -26.7745
            ],
            [
              -50.5454,
              -26.775
            ],
            [
              -50.5457,
              -26.7708
            ],
            [
              -50.5478,
              -26.7689
            ],
            [
              -50.5489,
              -26.767
            ],
            [
              -50.551,
              -26.7687
            ],
            [
              -50.5525,
              -26.7686
            ],
            [
              -50.5533,
              -26.7698
            ],
            [
              -50.5553,
              -26.7694
            ],
            [
              -50.5559,
              -26.7712
            ],
            [
              -50.5592,
              -26.7714
            ],
            [
              -50.5647,
              -26.7679
            ],
            [
              -50.5649,
              -26.7659
            ],
            [
              -50.5681,
              -26.7624
            ],
            [
              -50.5706,
              -26.7601
            ],
            [
              -50.5703,
              -26.7584
            ],
            [
              -50.5743,
              -26.7552
            ],
            [
              -50.5775,
              -26.7552
            ],
            [
              -50.5781,
              -26.7563
            ],
            [
              -50.5805,
              -26.7558
            ],
            [
              -50.5819,
              -26.7561
            ],
            [
              -50.5841,
              -26.7552
            ],
            [
              -50.5849,
              -26.7529
            ],
            [
              -50.5868,
              -26.7517
            ],
            [
              -50.5867,
              -26.7508
            ],
            [
              -50.5898,
              -26.7484
            ],
            [
              -50.5901,
              -26.7444
            ],
            [
              -50.5896,
              -26.7428
            ],
            [
              -50.5908,
              -26.7404
            ],
            [
              -50.5907,
              -26.7394
            ],
            [
              -50.5923,
              -26.7389
            ],
            [
              -50.5951,
              -26.7389
            ],
            [
              -50.5989,
              -26.7399
            ],
            [
              -50.6035,
              -26.7399
            ],
            [
              -50.6034,
              -26.7392
            ],
            [
              -50.6054,
              -26.7382
            ],
            [
              -50.6054,
              -26.7356
            ],
            [
              -50.606,
              -26.7339
            ],
            [
              -50.6079,
              -26.7319
            ],
            [
              -50.6094,
              -26.7321
            ],
            [
              -50.6098,
              -26.731
            ],
            [
              -50.6116,
              -26.7294
            ],
            [
              -50.6153,
              -26.728
            ],
            [
              -50.6175,
              -26.7261
            ],
            [
              -50.6178,
              -26.7253
            ],
            [
              -50.6194,
              -26.7249
            ],
            [
              -50.6222,
              -26.722
            ],
            [
              -50.624,
              -26.7206
            ],
            [
              -50.6263,
              -26.7194
            ],
            [
              -50.627,
              -26.7201
            ],
            [
              -50.6288,
              -26.7203
            ],
            [
              -50.63,
              -26.7194
            ],
            [
              -50.6322,
              -26.719
            ],
            [
              -50.6325,
              -26.718
            ],
            [
              -50.6348,
              -26.7167
            ],
            [
              -50.6356,
              -26.7134
            ],
            [
              -50.6378,
              -26.7124
            ],
            [
              -50.6402,
              -26.712
            ],
            [
              -50.6426,
              -26.712
            ],
            [
              -50.6442,
              -26.7115
            ],
            [
              -50.648,
              -26.714
            ],
            [
              -50.6495,
              -26.7134
            ],
            [
              -50.6507,
              -26.7116
            ],
            [
              -50.6518,
              -26.711
            ],
            [
              -50.6547,
              -26.7085
            ],
            [
              -50.6541,
              -26.7069
            ],
            [
              -50.655,
              -26.7059
            ],
            [
              -50.6541,
              -26.7051
            ],
            [
              -50.6521,
              -26.7056
            ],
            [
              -50.65,
              -26.7045
            ],
            [
              -50.6491,
              -26.7017
            ],
            [
              -50.6491,
              -26.6997
            ],
            [
              -50.65,
              -26.6973
            ],
            [
              -50.6502,
              -26.6952
            ],
            [
              -50.6513,
              -26.6935
            ],
            [
              -50.6519,
              -26.6916
            ],
            [
              -50.6531,
              -26.6901
            ],
            [
              -50.6533,
              -26.6858
            ],
            [
              -50.655,
              -26.6844
            ],
            [
              -50.6563,
              -26.6821
            ],
            [
              -50.656,
              -26.6811
            ],
            [
              -50.6579,
              -26.6771
            ],
            [
              -50.6616,
              -26.6762
            ],
            [
              -50.6634,
              -26.6737
            ],
            [
              -50.6652,
              -26.6741
            ],
            [
              -50.6697,
              -26.6731
            ],
            [
              -50.6731,
              -26.6715
            ],
            [
              -50.6744,
              -26.6684
            ],
            [
              -50.6755,
              -26.667
            ],
            [
              -50.6741,
              -26.6635
            ],
            [
              -50.6757,
              -26.662
            ],
            [
              -50.6779,
              -26.6621
            ],
            [
              -50.6807,
              -26.6656
            ],
            [
              -50.6813,
              -26.6654
            ],
            [
              -50.6816,
              -26.6632
            ],
            [
              -50.6834,
              -26.6624
            ],
            [
              -50.6839,
              -26.6609
            ],
            [
              -50.6855,
              -26.6592
            ],
            [
              -50.6875,
              -26.6586
            ],
            [
              -50.691,
              -26.6587
            ],
            [
              -50.6945,
              -26.6583
            ],
            [
              -50.6965,
              -26.6603
            ],
            [
              -50.699,
              -26.6614
            ],
            [
              -50.7006,
              -26.6605
            ],
            [
              -50.7025,
              -26.6607
            ],
            [
              -50.7033,
              -26.6629
            ],
            [
              -50.7045,
              -26.664
            ],
            [
              -50.7055,
              -26.6684
            ],
            [
              -50.7041,
              -26.6711
            ],
            [
              -50.7039,
              -26.6744
            ],
            [
              -50.7182,
              -26.6763
            ],
            [
              -50.719,
              -26.6779
            ],
            [
              -50.7184,
              -26.6797
            ],
            [
              -50.7171,
              -26.6793
            ],
            [
              -50.7163,
              -26.6801
            ],
            [
              -50.7168,
              -26.6844
            ],
            [
              -50.7197,
              -26.6862
            ],
            [
              -50.7203,
              -26.6873
            ],
            [
              -50.7225,
              -26.6862
            ],
            [
              -50.7237,
              -26.6864
            ],
            [
              -50.7257,
              -26.6857
            ],
            [
              -50.7275,
              -26.6845
            ],
            [
              -50.7318,
              -26.6869
            ],
            [
              -50.7338,
              -26.6893
            ],
            [
              -50.7352,
              -26.6892
            ],
            [
              -50.7379,
              -26.686
            ],
            [
              -50.7419,
              -26.6849
            ],
            [
              -50.7429,
              -26.6837
            ],
            [
              -50.7475,
              -26.6832
            ],
            [
              -50.75,
              -26.6816
            ],
            [
              -50.7514,
              -26.6828
            ],
            [
              -50.7534,
              -26.683
            ],
            [
              -50.7535,
              -26.6841
            ],
            [
              -50.7549,
              -26.6866
            ],
            [
              -50.7553,
              -26.6893
            ],
            [
              -50.7563,
              -26.69
            ],
            [
              -50.7565,
              -26.6923
            ],
            [
              -50.7831,
              -26.6824
            ],
            [
              -50.8066,
              -26.6552
            ],
            [
              -50.8067,
              -26.6559
            ],
            [
              -50.8096,
              -26.6581
            ],
            [
              -50.8095,
              -26.6603
            ],
            [
              -50.808,
              -26.6615
            ],
            [
              -50.8078,
              -26.6647
            ],
            [
              -50.8071,
              -26.6671
            ],
            [
              -50.8094,
              -26.6676
            ],
            [
              -50.8096,
              -26.6695
            ],
            [
              -50.8115,
              -26.6718
            ],
            [
              -50.8131,
              -26.6718
            ],
            [
              -50.817,
              -26.674
            ],
            [
              -50.819,
              -26.6765
            ],
            [
              -50.8185,
              -26.6785
            ],
            [
              -50.8213,
              -26.6813
            ],
            [
              -50.823,
              -26.6822
            ],
            [
              -50.8248,
              -26.6885
            ],
            [
              -50.8267,
              -26.6891
            ],
            [
              -50.8286,
              -26.6931
            ],
            [
              -50.8284,
              -26.6939
            ],
            [
              -50.8302,
              -26.6959
            ],
            [
              -50.8305,
              -26.7007
            ],
            [
              -50.8294,
              -26.7032
            ],
            [
              -50.8304,
              -26.7047
            ],
            [
              -50.831,
              -26.7068
            ],
            [
              -50.8301,
              -26.7137
            ],
            [
              -50.8287,
              -26.7165
            ],
            [
              -50.8292,
              -26.7198
            ],
            [
              -50.8283,
              -26.7229
            ],
            [
              -50.8269,
              -26.7235
            ],
            [
              -50.8252,
              -26.7225
            ],
            [
              -50.8243,
              -26.7231
            ],
            [
              -50.8244,
              -26.7248
            ],
            [
              -50.8255,
              -26.7264
            ],
            [
              -50.8243,
              -26.7274
            ],
            [
              -50.8219,
              -26.7275
            ],
            [
              -50.8206,
              -26.7288
            ],
            [
              -50.8191,
              -26.7281
            ],
            [
              -50.8187,
              -26.7297
            ],
            [
              -50.8159,
              -26.7304
            ],
            [
              -50.8142,
              -26.733
            ],
            [
              -50.812,
              -26.7398
            ],
            [
              -50.8111,
              -26.7403
            ],
            [
              -50.8113,
              -26.7431
            ],
            [
              -50.8101,
              -26.7434
            ],
            [
              -50.8081,
              -26.743
            ],
            [
              -50.8067,
              -26.745
            ],
            [
              -50.8047,
              -26.7457
            ],
            [
              -50.8041,
              -26.7443
            ],
            [
              -50.8015,
              -26.7454
            ],
            [
              -50.7971,
              -26.7494
            ],
            [
              -50.7942,
              -26.7502
            ],
            [
              -50.7928,
              -26.7517
            ],
            [
              -50.7898,
              -26.7522
            ],
            [
              -50.7891,
              -26.7536
            ],
            [
              -50.7879,
              -26.7538
            ],
            [
              -50.7863,
              -26.7558
            ],
            [
              -50.7836,
              -26.7568
            ],
            [
              -50.7836,
              -26.7582
            ],
            [
              -50.7854,
              -26.7619
            ],
            [
              -50.7854,
              -26.7624
            ],
            [
              -50.8001,
              -26.7685
            ],
            [
              -50.7982,
              -26.7706
            ],
            [
              -50.7983,
              -26.7723
            ],
            [
              -50.7974,
              -26.7756
            ],
            [
              -50.7963,
              -26.7772
            ],
            [
              -50.7978,
              -26.7773
            ],
            [
              -50.7991,
              -26.7789
            ],
            [
              -50.8029,
              -26.7782
            ],
            [
              -50.8039,
              -26.7787
            ],
            [
              -50.8074,
              -26.7846
            ],
            [
              -50.8083,
              -26.787
            ],
            [
              -50.811,
              -26.7884
            ],
            [
              -50.8133,
              -26.7903
            ],
            [
              -50.8152,
              -26.7939
            ],
            [
              -50.82,
              -26.7979
            ],
            [
              -50.821,
              -26.8014
            ],
            [
              -50.8211,
              -26.8031
            ],
            [
              -50.8197,
              -26.8075
            ],
            [
              -50.8207,
              -26.8101
            ],
            [
              -50.8222,
              -26.8116
            ],
            [
              -50.8241,
              -26.8123
            ],
            [
              -50.8248,
              -26.8135
            ],
            [
              -50.8247,
              -26.8158
            ],
            [
              -50.8292,
              -26.8181
            ],
            [
              -50.8293,
              -26.8197
            ],
            [
              -50.8303,
              -26.8214
            ],
            [
              -50.8295,
              -26.824
            ],
            [
              -50.8303,
              -26.8262
            ],
            [
              -50.832,
              -26.8277
            ],
            [
              -50.8313,
              -26.8303
            ],
            [
              -50.833,
              -26.832
            ],
            [
              -50.8341,
              -26.8344
            ],
            [
              -50.8382,
              -26.8372
            ],
            [
              -50.841,
              -26.8383
            ],
            [
              -50.8425,
              -26.84
            ],
            [
              -50.8422,
              -26.8413
            ],
            [
              -50.8428,
              -26.8437
            ],
            [
              -50.8449,
              -26.8447
            ],
            [
              -50.8456,
              -26.8465
            ],
            [
              -50.8442,
              -26.8495
            ],
            [
              -50.8454,
              -26.8502
            ],
            [
              -50.8478,
              -26.8502
            ],
            [
              -50.8487,
              -26.8516
            ],
            [
              -50.851,
              -26.8528
            ],
            [
              -50.8509,
              -26.8541
            ],
            [
              -50.8496,
              -26.8563
            ],
            [
              -50.8495,
              -26.8579
            ],
            [
              -50.8503,
              -26.8601
            ],
            [
              -50.8496,
              -26.8633
            ],
            [
              -50.8471,
              -26.8658
            ],
            [
              -50.8445,
              -26.8663
            ],
            [
              -50.8421,
              -26.8686
            ],
            [
              -50.8422,
              -26.8702
            ],
            [
              -50.8446,
              -26.8709
            ],
            [
              -50.846,
              -26.8729
            ]
          ]
        ]
      },
      "properties": {
        "codarea": "4209706",
        "nome_municipio": "Lebon Régis",
        "codigo_ibge": 4209706
      }
    },
    {
      "type": "Feature",
      "geometry": {
        "type": "Polygon",
        "coordinates": [
          [
            [
              -51.0087,
              -27.1202
            ],
            [
              -51.0063,
              -27.1207
            ],
            [
              -51.0043,
              -27.1226
            ],
            [
              -51.0041,
              -27.1236
            ],
            [
              -50.9985,
              -27.1374
            ],
            [
              -50.9974,
              -27.1383
            ],
            [
              -50.9957,
              -27.1376
            ],
            [
              -50.9962,
              -27.1352
            ],
            [
              -50.9933,
              -27.134
            ],
            [
              -50.9921,
              -27.1343
            ],
            [
              -50.991,
              -27.1334
            ],
            [
              -50.988,
              -27.1336
            ],
            [
              -50.9873,
              -27.1322
            ],
            [
              -50.9837,
              -27.1322
            ],
            [
              -50.9819,
              -27.1335
            ],
            [
              -50.9788,
              -27.1338
            ],
            [
              -50.9777,
              -27.1334
            ],
            [
              -50.9762,
              -27.1342
            ],
            [
              -50.9726,
              -27.1324
            ],
            [
              -50.9711,
              -27.1323
            ],
            [
              -50.9668,
              -27.1341
            ],
            [
              -50.9637,
              -27.1339
            ],
            [
              -50.962,
              -27.1344
            ],
            [
              -50.9596,
              -27.1333
            ],
            [
              -50.9577,
              -27.1332
            ],
            [
              -50.9564,
              -27.1317
            ],
            [
              -50.9535,
              -27.1328
            ],
            [
              -50.9515,
              -27.1319
            ],
            [
              -50.9511,
              -27.1301
            ],
            [
              -50.9495,
              -27.1294
            ],
            [
              -50.9493,
              -27.128
            ],
            [
              -50.948,
              -27.1275
            ],
            [
              -50.9458,
              -27.1256
            ],
            [
              -50.944,
              -27.1217
            ],
            [
              -50.944,
              -27.1208
            ],
            [
              -50.9383,
              -27.1189
            ],
            [
              -50.9298,
              -27.1189
            ],
            [
              -50.9268,
              -27.1203
            ],
            [
              -50.9239,
              -27.1203
            ],
            [
              -50.9199,
              -27.1191
            ],
            [
              -50.9169,
              -27.1194
            ],
            [
              -50.9133,
              -27.1193
            ],
            [
              -50.9085,
              -27.1218
            ],
            [
              -50.9068,
              -27.122
            ],
            [
              -50.9031,
              -27.1248
            ],
            [
              -50.9011,
              -27.1254
            ],
            [
              -50.8966,
              -27.1248
            ],
            [
              -50.8953,
              -27.1256
            ],
            [
              -50.8905,
              -27.1241
            ],
            [
              -50.8889,
              -27.1243
            ],
            [
              -50.8883,
              -27.1254
            ],
            [
              -50.8852,
              -27.1256
            ],
            [
              -50.8826,
              -27.1271
            ],
            [
              -50.8804,
              -27.1266
            ],
            [
              -50.8801,
              -27.1274
            ],
            [
              -50.8779,
              -27.1297
            ],
            [
              -50.8773,
              -27.1319
            ],
            [
              -50.8761,
              -27.1316
            ],
            [
              -50.8754,
              -27.1328
            ],
            [
              -50.8755,
              -27.1369
            ],
            [
              -50.8761,
              -27.1388
            ],
            [
              -50.8732,
              -27.1422
            ],
            [
              -50.874,
              -27.1428
            ],
            [
              -50.8736,
              -27.1444
            ],
            [
              -50.8768,
              -27.1463
            ],
            [
              -50.8753,
              -27.1489
            ],
            [
              -50.8719,
              -27.1493
            ],
            [
              -50.8711,
              -27.1511
            ],
            [
              -50.8714,
              -27.153
            ],
            [
              -50.8691,
              -27.1548
            ],
            [
              -50.8678,
              -27.1548
            ],
            [
              -50.8671,
              -27.1563
            ],
            [
              -50.8659,
              -27.1563
            ],
            [
              -50.8648,
              -27.1574
            ],
            [
              -50.8629,
              -27.1571
            ],
            [
              -50.8611,
              -27.1561
            ],
            [
              -50.8591,
              -27.1542
            ],
            [
              -50.8557,
              -27.1548
            ],
            [
              -50.8531,
              -27.1558
            ],
            [
              -50.8516,
              -27.1579
            ],
            [
              -50.8503,
              -27.1576
            ],
            [
              -50.8479,
              -27.1582
            ],
            [
              -50.8466,
              -27.1589
            ],
            [
              -50.8472,
              -27.1604
            ],
            [
              -50.8456,
              -27.1628
            ],
            [
              -50.8437,
              -27.1633
            ],
            [
              -50.8434,
              -27.1645
            ],
            [
              -50.8412,
              -27.1656
            ],
            [
              -50.8426,
              -27.1676
            ],
            [
              -50.8449,
              -27.1681
            ],
            [
              -50.8438,
              -27.1693
            ],
            [
              -50.8425,
              -27.1697
            ],
            [
              -50.8422,
              -27.1711
            ],
            [
              -50.8437,
              -27.1712
            ],
            [
              -50.847,
              -27.1734
            ],
            [
              -50.8449,
              -27.1753
            ],
            [
              -50.8429,
              -27.176
            ],
            [
              -50.8431,
              -27.1772
            ],
            [
              -50.8416,
              -27.1773
            ],
            [
              -50.8406,
              -27.1786
            ],
            [
              -50.8421,
              -27.18
            ],
            [
              -50.8432,
              -27.1824
            ],
            [
              -50.8445,
              -27.1832
            ],
            [
              -50.845,
              -27.1843
            ],
            [
              -50.8425,
              -27.184
            ],
            [
              -50.8403,
              -27.185
            ],
            [
              -50.8397,
              -27.1841
            ],
            [
              -50.8379,
              -27.1842
            ],
            [
              -50.8364,
              -27.184
            ],
            [
              -50.8371,
              -27.1827
            ],
            [
              -50.8364,
              -27.1816
            ],
            [
              -50.8352,
              -27.1815
            ],
            [
              -50.8347,
              -27.1798
            ],
            [
              -50.8325,
              -27.1799
            ],
            [
              -50.8311,
              -27.1776
            ],
            [
              -50.8276,
              -27.177
            ],
            [
              -50.8284,
              -27.1748
            ],
            [
              -50.8239,
              -27.1714
            ],
            [
              -50.826,
              -27.1689
            ],
            [
              -50.8267,
              -27.1664
            ],
            [
              -50.8269,
              -27.1639
            ],
            [
              -50.828,
              -27.1616
            ],
            [
              -50.8273,
              -27.1603
            ],
            [
              -50.8281,
              -27.1596
            ],
            [
              -50.8279,
              -27.1584
            ],
            [
              -50.797,
              -27.1321
            ],
            [
              -50.7843,
              -27.1182
            ],
            [
              -50.7814,
              -27.1185
            ],
            [
              -50.7805,
              -27.118
            ],
            [
              -50.7783,
              -27.1185
            ],
            [
              -50.7775,
              -27.1196
            ],
            [
              -50.7757,
              -27.1198
            ],
            [
              -50.774,
              -27.1206
            ],
            [
              -50.7704,
              -27.1206
            ],
            [
              -50.7659,
              -27.1193
            ],
            [
              -50.7627,
              -27.12
            ],
            [
              -50.7622,
              -27.1207
            ],
            [
              -50.7589,
              -27.1215
            ],
            [
              -50.758,
              -27.1225
            ],
            [
              -50.7544,
              -27.124
            ],
            [
              -50.7521,
              -27.1228
            ],
            [
              -50.7491,
              -27.122
            ],
            [
              -50.7447,
              -27.1217
            ],
            [
              -50.7436,
              -27.1223
            ],
            [
              -50.7399,
              -27.1218
            ],
            [
              -50.7371,
              -27.1203
            ],
            [
              -50.7351,
              -27.1207
            ],
            [
              -50.7334,
              -27.1235
            ],
            [
              -50.731,
              -27.1247
            ],
            [
              -50.7312,
              -27.1269
            ],
            [
              -50.7309,
              -27.1285
            ],
            [
              -50.7292,
              -27.1314
            ],
            [
              -50.7278,
              -27.1319
            ],
            [
              -50.7233,
              -27.1363
            ],
            [
              -50.7209,
              -27.1377
            ],
            [
              -50.7195,
              -27.1382
            ],
            [
              -50.716,
              -27.1385
            ],
            [
              -50.7143,
              -27.1382
            ],
            [
              -50.7117,
              -27.1387
            ],
            [
              -50.7061,
              -27.1377
            ],
            [
              -50.7031,
              -27.1364
            ],
            [
              -50.7001,
              -27.1358
            ],
            [
              -50.6992,
              -27.1368
            ],
            [
              -50.6973,
              -27.1352
            ],
            [
              -50.6967,
              -27.133
            ],
            [
              -50.6975,
              -27.1317
            ],
            [
              -50.6994,
              -27.1316
            ],
            [
              -50.7008,
              -27.1321
            ],
            [
              -50.7035,
              -27.1338
            ],
            [
              -50.706,
              -27.1345
            ],
            [
              -50.7091,
              -27.1358
            ],
            [
              -50.7107,
              -27.136
            ],
            [
              -50.7141,
              -27.1355
            ],
            [
              -50.7163,
              -27.1346
            ],
            [
              -50.7161,
              -27.1336
            ],
            [
              -50.7124,
              -27.1301
            ],
            [
              -50.709,
              -27.1267
            ],
            [
              -50.7075,
              -27.1223
            ],
            [
              -50.7067,
              -27.1181
            ],
            [
              -50.707,
              -27.1165
            ],
            [
              -50.7078,
              -27.1156
            ],
            [
              -50.7095,
              -27.1157
            ],
            [
              -50.7131,
              -27.1151
            ],
            [
              -50.7154,
              -27.1141
            ],
            [
              -50.7169,
              -27.1125
            ],
            [
              -50.7189,
              -27.1116
            ],
            [
              -50.719,
              -27.11
            ],
            [
              -50.717,
              -27.1059
            ],
            [
              -50.7167,
              -27.1045
            ],
            [
              -50.7144,
              -27.1036
            ],
            [
              -50.7117,
              -27.1042
            ],
            [
              -50.7096,
              -27.1037
            ],
            [
              -50.7078,
              -27.1008
            ],
            [
              -50.7106,
              -27.1005
            ],
            [
              -50.7124,
              -27.1
            ],
            [
              -50.7157,
              -27.1003
            ],
            [
              -50.7183,
              -27.0999
            ],
            [
              -50.7196,
              -27.0992
            ],
            [
              -50.721,
              -27.0974
            ],
            [
              -50.7208,
              -27.0963
            ],
            [
              -50.7214,
              -27.0935
            ],
            [
              -50.7225,
              -27.0927
            ],
            [
              -50.7225,
              -27.0912
            ],
            [
              -50.7203,
              -27.0909
            ],
            [
              -50.7179,
              -27.0898
            ],
            [
              -50.7152,
              -27.0912
            ],
            [
              -50.7132,
              -27.0907
            ],
            [
              -50.7127,
              -27.0899
            ],
            [
              -50.7127,
              -27.0875
            ],
            [
              -50.714,
              -27.084
            ],
            [
              -50.7158,
              -27.0828
            ],
            [
              -50.717,
              -27.0829
            ],
            [
              -50.7213,
              -27.0819
            ],
            [
              -50.7229,
              -27.0802
            ],
            [
              -50.7259,
              -27.0799
            ],
            [
              -50.7259,
              -27.0768
            ],
            [
              -50.7277,
              -27.0747
            ],
            [
              -50.731,
              -27.0737
            ],
            [
              -50.7318,
              -27.0706
            ],
            [
              -50.7345,
              -27.0681
            ],
            [
              -50.7337,
              -27.0648
            ],
            [
              -50.7319,
              -27.0626
            ],
            [
              -50.7284,
              -27.0638
            ],
            [
              -50.7305,
              -27.0585
            ],
            [
              -50.7326,
              -27.0593
            ],
            [
              -50.7332,
              -27.0582
            ],
            [
              -50.7312,
              -27.0568
            ],
            [
              -50.7299,
              -27.0576
            ],
            [
              -50.7278,
              -27.0598
            ],
            [
              -50.7255,
              -27.0615
            ],
            [
              -50.7247,
              -27.0629
            ],
            [
              -50.7228,
              -27.0635
            ],
            [
              -50.7207,
              -27.0607
            ],
            [
              -50.7209,
              -27.0592
            ],
            [
              -50.723,
              -27.0572
            ],
            [
              -50.7255,
              -27.0565
            ],
            [
              -50.7261,
              -27.0551
            ],
            [
              -50.7249,
              -27.0541
            ],
            [
              -50.7242,
              -27.0526
            ],
            [
              -50.7253,
              -27.0513
            ],
            [
              -50.7292,
              -27.0505
            ],
            [
              -50.7303,
              -27.0496
            ],
            [
              -50.7311,
              -27.048
            ],
            [
              -50.7318,
              -27.0452
            ],
            [
              -50.7313,
              -27.0432
            ],
            [
              -50.7293,
              -27.041
            ],
            [
              -50.7293,
              -27.0394
            ],
            [
              -50.7317,
              -27.0392
            ],
            [
              -50.7309,
              -27.0371
            ],
            [
              -50.731,
              -27.0359
            ],
            [
              -50.7322,
              -27.0346
            ],
            [
              -50.7352,
              -27.0347
            ],
            [
              -50.7368,
              -27.0343
            ],
            [
              -50.7377,
              -27.0353
            ],
            [
              -50.7387,
              -27.0346
            ],
            [
              -50.7409,
              -27.0343
            ],
            [
              -50.7444,
              -27.0322
            ],
            [
              -50.7467,
              -27.0321
            ],
            [
              -50.7475,
              -27.0301
            ],
            [
              -50.749,
              -27.0301
            ],
            [
              -50.7492,
              -27.0314
            ],
            [
              -50.7508,
              -27.0311
            ],
            [
              -50.7478,
              -27.028
            ],
            [
              -50.7429,
              -27.0262
            ],
            [
              -50.7365,
              -27.0257
            ],
            [
              -50.7354,
              -27.025
            ],
            [
              -50.735,
              -27.0231
            ],
            [
              -50.7337,
              -27.0201
            ],
            [
              -50.7332,
              -27.0178
            ],
            [
              -50.7341,
              -27.017
            ],
            [
              -50.7395,
              -27.0164
            ],
            [
              -50.7431,
              -27.0164
            ],
            [
              -50.7463,
              -27.0145
            ],
            [
              -50.7482,
              -27.0124
            ],
            [
              -50.7505,
              -27.0093
            ],
            [
              -50.7473,
              -27.0059
            ],
            [
              -50.7477,
              -27.0039
            ],
            [
              -50.7454,
              -27.0041
            ],
            [
              -50.7438,
              -27.0035
            ],
            [
              -50.7435,
              -27.0026
            ],
            [
              -50.7443,
              -27.0005
            ],
            [
              -50.7466,
              -26.9988
            ],
            [
              -50.7492,
              -26.9984
            ],
            [
              -50.751,
              -26.9987
            ],
            [
              -50.7554,
              -27.0006
            ],
            [
              -50.7588,
              -27.0029
            ],
            [
              -50.7615,
              -27.0012
            ],
            [
              -50.7599,
              -26.9995
            ],
            [
              -50.759,
              -26.9976
            ],
            [
              -50.7595,
              -26.9955
            ],
            [
              -50.7595,
              -26.9938
            ],
            [
              -50.7606,
              -26.9917
            ],
            [
              -50.762,
              -26.991
            ],
            [
              -50.7635,
              -26.9884
            ],
            [
              -50.7658,
              -26.9881
            ],
            [
              -50.7673,
              -26.9885
            ],
            [
              -50.7655,
              -26.9932
            ],
            [
              -50.7655,
              -26.9942
            ],
            [
              -50.7641,
              -26.997
            ],
            [
              -50.7645,
              -26.9978
            ],
            [
              -50.7671,
              -26.9988
            ],
            [
              -50.7697,
              -26.9984
            ],
            [
              -50.7734,
              -26.9948
            ],
            [
              -50.7757,
              -26.9935
            ],
            [
              -50.7776,
              -26.993
            ],
            [
              -50.7787,
              -26.992
            ],
            [
              -50.7806,
              -26.9922
            ],
            [
              -50.7814,
              -26.9935
            ],
            [
              -50.7791,
              -26.995
            ],
            [
              -50.7767,
              -26.9981
            ],
            [
              -50.7765,
              -26.9996
            ],
            [
              -50.7778,
              -26.9998
            ],
            [
              -50.7793,
              -26.9988
            ],
            [
              -50.7821,
              -26.9977
            ],
            [
              -50.7846,
              -26.9981
            ],
            [
              -50.7847,
              -26.9996
            ],
            [
              -50.7813,
              -27.003
            ],
            [
              -50.782,
              -27.0039
            ],
            [
              -50.7837,
              -27.004
            ],
            [
              -50.7866,
              -27.0033
            ],
            [
              -50.7912,
              -27.0038
            ],
            [
              -50.7914,
              -27.0051
            ],
            [
              -50.7895,
              -27.0072
            ],
            [
              -50.7897,
              -27.0087
            ],
            [
              -50.7887,
              -27.0094
            ],
            [
              -50.7908,
              -27.0105
            ],
            [
              -50.7928,
              -27.0106
            ],
            [
              -50.7961,
              -27.0135
            ],
            [
              -50.7973,
              -27.0138
            ],
            [
              -50.7988,
              -27.0117
            ],
            [
              -50.8009,
              -27.0135
            ],
            [
              -50.8023,
              -27.0134
            ],
            [
              -50.8023,
              -27.0114
            ],
            [
              -50.8031,
              -27.0095
            ],
            [
              -50.802,
              -27.0077
            ],
            [
              -50.8025,
              -27.0068
            ],
            [
              -50.8015,
              -27.0052
            ],
            [
              -50.8013,
              -27.003
            ],
            [
              -50.7985,
              -27.0027
            ],
            [
              -50.797,
              -27.0014
            ],
            [
              -50.7991,
              -26.9992
            ],
            [
              -50.7977,
              -26.9983
            ],
            [
              -50.7999,
              -26.9973
            ],
            [
              -50.8019,
              -26.997
            ],
            [
              -50.8033,
              -26.9955
            ],
            [
              -50.805,
              -26.9949
            ],
            [
              -50.8054,
              -26.9961
            ],
            [
              -50.8077,
              -26.9968
            ],
            [
              -50.8094,
              -26.9959
            ],
            [
              -50.8104,
              -26.9962
            ],
            [
              -50.8127,
              -26.9958
            ],
            [
              -50.8147,
              -26.9962
            ],
            [
              -50.8162,
              -26.9949
            ],
            [
              -50.8143,
              -26.9929
            ],
            [
              -50.8141,
              -26.9912
            ],
            [
              -50.8159,
              -26.9894
            ],
            [
              -50.8182,
              -26.9898
            ],
            [
              -50.8198,
              -26.9913
            ],
            [
              -50.8209,
              -26.9915
            ],
            [
              -50.825,
              -26.9902
            ],
            [
              -50.8257,
              -26.9887
            ],
            [
              -50.8243,
              -26.988
            ],
            [
              -50.8226,
              -26.9864
            ],
            [
              -50.8227,
              -26.9853
            ],
            [
              -50.824,
              -26.9845
            ],
            [
              -50.8228,
              -26.9815
            ],
            [
              -50.8237,
              -26.9792
            ],
            [
              -50.8225,
              -26.977
            ],
            [
              -50.8245,
              -26.9763
            ],
            [
              -50.8279,
              -26.9733
            ],
            [
              -50.8286,
              -26.9708
            ],
            [
              -50.8298,
              -26.9695
            ],
            [
              -50.8322,
              -26.9681
            ],
            [
              -50.8334,
              -26.967
            ],
            [
              -50.8332,
              -26.964
            ],
            [
              -50.8351,
              -26.961
            ],
            [
              -50.8352,
              -26.9578
            ],
            [
              -50.8346,
              -26.9545
            ],
            [
              -50.8347,
              -26.9525
            ],
            [
              -50.8357,
              -26.9514
            ],
            [
              -50.8356,
              -26.9496
            ],
            [
              -50.8338,
              -26.9483
            ],
            [
              -50.8321,
              -26.9477
            ],
            [
              -50.8342,
              -26.9446
            ],
            [
              -50.8341,
              -26.9416
            ],
            [
              -50.8366,
              -26.9382
            ],
            [
              -50.8407,
              -26.9368
            ],
            [
              -50.8425,
              -26.9351
            ],
            [
              -50.8438,
              -26.9344
            ],
            [
              -50.8449,
              -26.9317
            ],
            [
              -50.8449,
              -26.9298
            ],
            [
              -50.846,
              -26.9272
            ],
            [
              -50.8458,
              -26.926
            ],
            [
              -50.8479,
              -26.9236
            ],
            [
              -50.8479,
              -26.9217
            ],
            [
              -50.8474,
              -26.9187
            ],
            [
              -50.8454,
              -26.9183
            ],
            [
              -50.8441,
              -26.9156
            ],
            [
              -50.8428,
              -26.9142
            ],
            [
              -50.843,
              -26.9125
            ],
            [
              -50.8425,
              -26.9102
            ],
            [
              -50.8413,
              -26.9082
            ],
            [
              -50.8393,
              -26.907
            ],
            [
              -50.8387,
              -26.9058
            ],
            [
              -50.8392,
              -26.904
            ],
            [
              -50.8385,
              -26.9024
            ],
            [
              -50.8422,
              -26.8993
            ],
            [
              -50.8425,
              -26.8975
            ],
            [
              -50.8432,
              -26.8972
            ],
            [
              -50.8429,
              -26.8954
            ],
            [
              -50.8403,
              -26.8917
            ],
            [
              -50.8398,
              -26.8883
            ],
            [
              -50.8405,
              -26.8865
            ],
            [
              -50.8405,
              -26.8846
            ],
            [
              -50.8413,
              -26.8819
            ],
            [
              -50.8409,
              -26.8803
            ],
            [
              -50.8411,
              -26.8788
            ],
            [
              -50.8425,
              -26.877
            ],
            [
              -50.8415,
              -26.8738
            ],
            [
              -50.8432,
              -26.8722
            ],
            [
              -50.846,
              -26.8729
            ],
            [
              -50.9858,
              -26.959
            ],
            [
              -50.9903,
              -26.9618
            ],
            [
              -50.9893,
              -26.963
            ],
            [
              -50.9885,
              -26.9657
            ],
            [
              -50.9869,
              -26.9671
            ],
            [
              -50.9863,
              -26.9681
            ],
            [
              -50.9844,
              -26.9694
            ],
            [
              -50.9823,
              -26.9718
            ],
            [
              -50.9862,
              -26.9792
            ],
            [
              -51.003,
              -26.9777
            ],
            [
              -51.003,
              -26.9817
            ],
            [
              -51.0253,
              -26.9802
            ],
            [
              -51.0283,
              -26.9725
            ],
            [
              -51.0292,
              -26.9726
            ],
            [
              -51.0316,
              -26.971
            ],
            [
              -51.033,
              -26.9719
            ],
            [
              -51.0347,
              -26.9716
            ],
            [
              -51.0364,
              -26.9732
            ],
            [
              -51.0368,
              -26.9759
            ],
            [
              -51.0361,
              -26.9791
            ],
            [
              -51.0375,
              -26.9804
            ],
            [
              -51.04,
              -26.9805
            ],
            [
              -51.0415,
              -26.9791
            ],
            [
              -51.0433,
              -26.9798
            ],
            [
              -51.046,
              -26.9785
            ],
            [
              -51.0486,
              -26.9801
            ],
            [
              -51.0496,
              -26.9824
            ],
            [
              -51.0471,
              -26.9851
            ],
            [
              -51.0455,
              -26.9855
            ],
            [
              -51.0454,
              -26.9863
            ],
            [
              -51.042,
              -26.9905
            ],
            [
              -51.0429,
              -26.9915
            ],
            [
              -51.0389,
              -26.9913
            ],
            [
              -51.0357,
              -26.9903
            ],
            [
              -51.0346,
              -26.9883
            ],
            [
              -51.0336,
              -26.9883
            ],
            [
              -51.0316,
              -26.9903
            ],
            [
              -51.0303,
              -26.991
            ],
            [
              -51.0282,
              -26.9906
            ],
            [
              -51.0265,
              -26.9923
            ],
            [
              -51.0274,
              -26.9962
            ],
            [
              -51.0262,
              -26.9973
            ],
            [
              -51.025,
              -26.9973
            ],
            [
              -51.0199,
              -26.9992
            ],
            [
              -51.0163,
              -27.0035
            ],
            [
              -51.0153,
              -27.0034
            ],
            [
              -51.0135,
              -27.0059
            ],
            [
              -51.0142,
              -27.0065
            ],
            [
              -51.0147,
              -27.0085
            ],
            [
              -51.014,
              -27.0097
            ],
            [
              -51.0153,
              -27.013
            ],
            [
              -51.0153,
              -27.0144
            ],
            [
              -51.0137,
              -27.017
            ],
            [
              -51.0124,
              -27.0181
            ],
            [
              -51.0128,
              -27.0203
            ],
            [
              -51.0106,
              -27.0232
            ],
            [
              -51.0102,
              -27.0243
            ],
            [
              -51.0083,
              -27.0253
            ],
            [
              -51.007,
              -27.0275
            ],
            [
              -51.0068,
              -27.0305
            ],
            [
              -51.006,
              -27.0322
            ],
            [
              -51.0062,
              -27.0349
            ],
            [
              -51.0041,
              -27.0366
            ],
            [
              -50.9985,
              -27.0372
            ],
            [
              -50.9954,
              -27.0364
            ],
            [
              -50.9943,
              -27.0353
            ],
            [
              -50.9927,
              -27.0372
            ],
            [
              -50.992,
              -27.0373
            ],
            [
              -50.9911,
              -27.0404
            ],
            [
              -50.9892,
              -27.0404
            ],
            [
              -50.9885,
              -27.0387
            ],
            [
              -50.9854,
              -27.038
            ],
            [
              -50.9835,
              -27.038
            ],
            [
              -50.9795,
              -27.0385
            ],
            [
              -50.9772,
              -27.0386
            ],
            [
              -50.9758,
              -27.0374
            ],
            [
              -50.9745,
              -27.04
            ],
            [
              -50.9725,
              -27.0425
            ],
            [
              -50.9708,
              -27.0435
            ],
            [
              -50.9702,
              -27.0454
            ],
            [
              -50.971,
              -27.0465
            ],
            [
              -50.9706,
              -27.0476
            ],
            [
              -50.9688,
              -27.0495
            ],
            [
              -50.9681,
              -27.0512
            ],
            [
              -50.969,
              -27.0533
            ],
            [
              -50.9686,
              -27.0565
            ],
            [
              -50.9697,
              -27.0604
            ],
            [
              -50.9717,
              -27.0617
            ],
            [
              -50.9726,
              -27.0633
            ],
            [
              -50.9726,
              -27.066
            ],
            [
              -50.9711,
              -27.0687
            ],
            [
              -50.9722,
              -27.0705
            ],
            [
              -50.9708,
              -27.0738
            ],
            [
              -50.9723,
              -27.0747
            ],
            [
              -50.971,
              -27.076
            ],
            [
              -50.9707,
              -27.0775
            ],
            [
              -50.9724,
              -27.0787
            ],
            [
              -50.9731,
              -27.0799
            ],
            [
              -50.9726,
              -27.0808
            ],
            [
              -50.9733,
              -27.0836
            ],
            [
              -50.9787,
              -27.0861
            ],
            [
              -50.9781,
              -27.087
            ],
            [
              -50.9786,
              -27.0895
            ],
            [
              -50.9802,
              -27.0885
            ],
            [
              -50.9843,
              -27.0895
            ],
            [
              -50.9838,
              -27.0915
            ],
            [
              -50.9857,
              -27.0927
            ],
            [
              -50.9869,
              -27.0948
            ],
            [
              -50.9855,
              -27.0955
            ],
            [
              -50.9839,
              -27.0953
            ],
            [
              -50.9839,
              -27.0973
            ],
            [
              -50.9869,
              -27.0992
            ],
            [
              -50.9888,
              -27.0982
            ],
            [
              -50.9899,
              -27.0986
            ],
            [
              -50.9925,
              -27.098
            ],
            [
              -50.9935,
              -27.1014
            ],
            [
              -50.9948,
              -27.1027
            ],
            [
              -50.9935,
              -27.1037
            ],
            [
              -50.9945,
              -27.1074
            ],
            [
              -50.9928,
              -27.1079
            ],
            [
              -50.9965,
              -27.1103
            ],
            [
              -50.9979,
              -27.1094
            ],
            [
              -50.9991,
              -27.1108
            ],
            [
              -51.0016,
              -27.1099
            ],
            [
              -51.0029,
              -27.1103
            ],
            [
              -51.007,
              -27.1102
            ],
            [
              -51.0081,
              -27.1124
            ],
            [
              -51.0091,
              -27.1107
            ],
            [
              -51.0111,
              -27.1123
            ],
            [
              -51.0132,
              -27.1126
            ],
            [
              -51.0129,
              -27.1141
            ],
            [
              -51.0107,
              -27.1136
            ],
            [
              -51.01,
              -27.1145
            ],
            [
              -51.0102,
              -27.1177
            ],
            [
              -51.0087,
              -27.1202
            ]
          ]
        ]
      },
      "properties": {
        "codarea": "4205506",
        "nome_municipio": "Fraiburgo",
        "codigo_ibge": 4205506
      }
    },
    {
      "type": "Feature",
      "geometry": {
        "type": "Polygon",
        "coordinates": [
          [
            [
              -50.8379,
              -27.1842
            ],
            [
              -50.8397,
              -27.1841
            ],
            [
              -50.8403,
              -27.185
            ],
            [
              -50.8425,
              -27.184
            ],
            [
              -50.845,
              -27.1843
            ],
            [
              -50.8445,
              -27.1832
            ],
            [
              -50.8432,
              -27.1824
            ],
            [
              -50.8421,
              -27.18
            ],
            [
              -50.8406,
              -27.1786
            ],
            [
              -50.8416,
              -27.1773
            ],
            [
              -50.8431,
              -27.1772
            ],
            [
              -50.8429,
              -27.176
            ],
            [
              -50.8449,
              -27.1753
            ],
            [
              -50.847,
              -27.1734
            ],
            [
              -50.8437,
              -27.1712
            ],
            [
              -50.8422,
              -27.1711
            ],
            [
              -50.8425,
              -27.1697
            ],
            [
              -50.8438,
              -27.1693
            ],
            [
              -50.8449,
              -27.1681
            ],
            [
              -50.8426,
              -27.1676
            ],
            [
              -50.8412,
              -27.1656
            ],
            [
              -50.8434,
              -27.1645
            ],
            [
              -50.8437,
              -27.1633
            ],
            [
              -50.8456,
              -27.1628
            ],
            [
              -50.8472,
              -27.1604
            ],
            [
              -50.8466,
              -27.1589
            ],
            [
              -50.8479,
              -27.1582
            ],
            [
              -50.8503,
              -27.1576
            ],
            [
              -50.8516,
              -27.1579
            ],
            [
              -50.8531,
              -27.1558
            ],
            [
              -50.8557,
              -27.1548
            ],
            [
              -50.8591,
              -27.1542
            ],
            [
              -50.8611,
              -27.1561
            ],
            [
              -50.8629,
              -27.1571
            ],
            [
              -50.8648,
              -27.1574
            ],
            [
              -50.8659,
              -27.1563
            ],
            [
              -50.8671,
              -27.1563
            ],
            [
              -50.8678,
              -27.1548
            ],
            [
              -50.8691,
              -27.1548
            ],
            [
              -50.8714,
              -27.153
            ],
            [
              -50.8711,
              -27.1511
            ],
            [
              -50.8719,
              -27.1493
            ],
            [
              -50.8753,
              -27.1489
            ],
            [
              -50.8768,
              -27.1463
            ],
            [
              -50.8736,
              -27.1444
            ],
            [
              -50.874,
              -27.1428
            ],
            [
              -50.8732,
              -27.1422
            ],
            [
              -50.8761,
              -27.1388
            ],
            [
              -50.8755,
              -27.1369
            ],
            [
              -50.8754,
              -27.1328
            ],
            [
              -50.8761,
              -27.1316
            ],
            [
              -50.8773,
              -27.1319
            ],
            [
              -50.8779,
              -27.1297
            ],
            [
              -50.8801,
              -27.1274
            ],
            [
              -50.8804,
              -27.1266
            ],
            [
              -50.8826,
              -27.1271
            ],
            [
              -50.8852,
              -27.1256
            ],
            [
              -50.8883,
              -27.1254
            ],
            [
              -50.8889,
              -27.1243
            ],
            [
              -50.8905,
              -27.1241
            ],
            [
              -50.8953,
              -27.1256
            ],
            [
              -50.8966,
              -27.1248
            ],
            [
              -50.9011,
              -27.1254
            ],
            [
              -50.9031,
              -27.1248
            ],
            [
              -50.9068,
              -27.122
            ],
            [
              -50.9085,
              -27.1218
            ],
            [
              -50.9133,
              -27.1193
            ],
            [
              -50.9169,
              -27.1194
            ],
            [
              -50.9199,
              -27.1191
            ],
            [
              -50.9239,
              -27.1203
            ],
            [
              -50.9268,
              -27.1203
            ],
            [
              -50.9298,
              -27.1189
            ],
            [
              -50.9314,
              -27.1197
            ],
            [
              -50.9336,
              -27.1219
            ],
            [
              -50.9366,
              -27.1234
            ],
            [
              -50.9383,
              -27.1262
            ],
            [
              -50.9382,
              -27.1275
            ],
            [
              -50.9359,
              -27.1312
            ],
            [
              -50.9399,
              -27.1303
            ],
            [
              -50.9417,
              -27.132
            ],
            [
              -50.9424,
              -27.1344
            ],
            [
              -50.9435,
              -27.1355
            ],
            [
              -50.944,
              -27.1369
            ],
            [
              -50.946,
              -27.1382
            ],
            [
              -50.9474,
              -27.1417
            ],
            [
              -50.9468,
              -27.1428
            ],
            [
              -50.9527,
              -27.1448
            ],
            [
              -50.9536,
              -27.1475
            ],
            [
              -50.955,
              -27.1485
            ],
            [
              -50.9585,
              -27.1494
            ],
            [
              -50.9595,
              -27.153
            ],
            [
              -50.9605,
              -27.1546
            ],
            [
              -50.9618,
              -27.1546
            ],
            [
              -50.9637,
              -27.1533
            ],
            [
              -50.9653,
              -27.1539
            ],
            [
              -50.9664,
              -27.1561
            ],
            [
              -50.9676,
              -27.1573
            ],
            [
              -50.9723,
              -27.1589
            ],
            [
              -50.9754,
              -27.158
            ],
            [
              -50.9765,
              -27.1607
            ],
            [
              -50.978,
              -27.1627
            ],
            [
              -50.9795,
              -27.1633
            ],
            [
              -50.9834,
              -27.1619
            ],
            [
              -50.9855,
              -27.1617
            ],
            [
              -50.9868,
              -27.1622
            ],
            [
              -50.9924,
              -27.1668
            ],
            [
              -50.9933,
              -27.1685
            ],
            [
              -50.9936,
              -27.1703
            ],
            [
              -50.9954,
              -27.1718
            ],
            [
              -51.0016,
              -27.1722
            ],
            [
              -51.0041,
              -27.173
            ],
            [
              -51.0064,
              -27.1723
            ],
            [
              -51.0082,
              -27.1733
            ],
            [
              -51.0101,
              -27.1737
            ],
            [
              -51.0106,
              -27.1746
            ],
            [
              -51.0079,
              -27.1778
            ],
            [
              -51.0089,
              -27.1792
            ],
            [
              -51.0127,
              -27.1817
            ],
            [
              -51.0132,
              -27.1853
            ],
            [
              -51.0138,
              -27.1864
            ],
            [
              -51.0153,
              -27.1869
            ],
            [
              -51.0171,
              -27.1866
            ],
            [
              -51.0186,
              -27.1876
            ],
            [
              -51.0187,
              -27.1898
            ],
            [
              -51.0183,
              -27.1924
            ],
            [
              -51.0188,
              -27.1931
            ],
            [
              -51.0207,
              -27.1934
            ],
            [
              -51.0228,
              -27.1943
            ],
            [
              -51.0257,
              -27.1948
            ],
            [
              -51.0259,
              -27.1965
            ],
            [
              -51.0256,
              -27.1996
            ],
            [
              -51.0238,
              -27.2009
            ],
            [
              -51.0229,
              -27.2029
            ],
            [
              -51.0253,
              -27.2056
            ],
            [
              -51.0254,
              -27.2065
            ],
            [
              -51.0244,
              -27.2082
            ],
            [
              -51.0243,
              -27.2107
            ],
            [
              -51.026,
              -27.211
            ],
            [
              -51.0269,
              -27.2132
            ],
            [
              -51.0287,
              -27.2143
            ],
            [
              -51.0282,
              -27.216
            ],
            [
              -51.0268,
              -27.2178
            ],
            [
              -51.0257,
              -27.2206
            ],
            [
              -51.0319,
              -27.227
            ],
            [
              -51.0329,
              -27.2301
            ],
            [
              -51.0338,
              -27.2314
            ],
            [
              -51.0363,
              -27.2334
            ],
            [
              -51.0339,
              -27.2335
            ],
            [
              -51.0323,
              -27.2342
            ],
            [
              -51.0305,
              -27.2339
            ],
            [
              -51.0283,
              -27.2345
            ],
            [
              -51.025,
              -27.236
            ],
            [
              -51.0225,
              -27.2387
            ],
            [
              -51.0236,
              -27.2407
            ],
            [
              -51.0236,
              -27.2418
            ],
            [
              -51.0221,
              -27.2426
            ],
            [
              -51.0195,
              -27.2432
            ],
            [
              -51.0171,
              -27.2447
            ],
            [
              -51.017,
              -27.2479
            ],
            [
              -51.0161,
              -27.2496
            ],
            [
              -51.0149,
              -27.2501
            ],
            [
              -51.0143,
              -27.2525
            ],
            [
              -51.0153,
              -27.2536
            ],
            [
              -51.015,
              -27.2554
            ],
            [
              -51.0199,
              -27.2563
            ],
            [
              -51.0205,
              -27.2583
            ],
            [
              -51.0185,
              -27.26
            ],
            [
              -51.0147,
              -27.261
            ],
            [
              -51.0135,
              -27.2623
            ],
            [
              -51.0107,
              -27.2627
            ],
            [
              -51.0107,
              -27.2641
            ],
            [
              -51.0083,
              -27.2649
            ],
            [
              -51.0072,
              -27.2675
            ],
            [
              -51.0039,
              -27.2699
            ],
            [
              -51.0027,
              -27.2715
            ],
            [
              -51.0035,
              -27.2725
            ],
            [
              -51.0037,
              -27.2742
            ],
            [
              -51.0046,
              -27.2758
            ],
            [
              -51.0033,
              -27.2763
            ],
            [
              -51.0004,
              -27.2764
            ],
            [
              -50.983,
              -27.2712
            ],
            [
              -50.9839,
              -27.2631
            ],
            [
              -50.9855,
              -27.2595
            ],
            [
              -50.9872,
              -27.2567
            ],
            [
              -50.9869,
              -27.2553
            ],
            [
              -50.9852,
              -27.2536
            ],
            [
              -50.9876,
              -27.2517
            ],
            [
              -50.9892,
              -27.2501
            ],
            [
              -50.9832,
              -27.2464
            ],
            [
              -50.9784,
              -27.2442
            ],
            [
              -50.9773,
              -27.2452
            ],
            [
              -50.9757,
              -27.2436
            ],
            [
              -50.9734,
              -27.2432
            ],
            [
              -50.9725,
              -27.2419
            ],
            [
              -50.9729,
              -27.2406
            ],
            [
              -50.9689,
              -27.2379
            ],
            [
              -50.9677,
              -27.2386
            ],
            [
              -50.9642,
              -27.2382
            ],
            [
              -50.9617,
              -27.2387
            ],
            [
              -50.959,
              -27.2388
            ],
            [
              -50.9569,
              -27.2384
            ],
            [
              -50.9548,
              -27.2373
            ],
            [
              -50.9528,
              -27.2375
            ],
            [
              -50.9518,
              -27.2356
            ],
            [
              -50.9108,
              -27.2074
            ],
            [
              -50.9101,
              -27.2077
            ],
            [
              -50.9096,
              -27.2099
            ],
            [
              -50.9088,
              -27.2105
            ],
            [
              -50.9076,
              -27.2084
            ],
            [
              -50.904,
              -27.2065
            ],
            [
              -50.9004,
              -27.2084
            ],
            [
              -50.9001,
              -27.2066
            ],
            [
              -50.8988,
              -27.2063
            ],
            [
              -50.8948,
              -27.2073
            ],
            [
              -50.893,
              -27.2091
            ],
            [
              -50.896,
              -27.2113
            ],
            [
              -50.8964,
              -27.2139
            ],
            [
              -50.8971,
              -27.2148
            ],
            [
              -50.8954,
              -27.2177
            ],
            [
              -50.8962,
              -27.2181
            ],
            [
              -50.8959,
              -27.2211
            ],
            [
              -50.895,
              -27.223
            ],
            [
              -50.8921,
              -27.2245
            ],
            [
              -50.8922,
              -27.2235
            ],
            [
              -50.8896,
              -27.2234
            ],
            [
              -50.887,
              -27.2286
            ],
            [
              -50.8861,
              -27.2298
            ],
            [
              -50.8879,
              -27.2308
            ],
            [
              -50.8909,
              -27.2295
            ],
            [
              -50.8931,
              -27.2328
            ],
            [
              -50.8946,
              -27.233
            ],
            [
              -50.8936,
              -27.2353
            ],
            [
              -50.8922,
              -27.2349
            ],
            [
              -50.8913,
              -27.2332
            ],
            [
              -50.888,
              -27.2327
            ],
            [
              -50.8867,
              -27.2336
            ],
            [
              -50.8854,
              -27.2338
            ],
            [
              -50.884,
              -27.2329
            ],
            [
              -50.8812,
              -27.233
            ],
            [
              -50.8817,
              -27.2312
            ],
            [
              -50.8812,
              -27.2305
            ],
            [
              -50.8792,
              -27.2297
            ],
            [
              -50.877,
              -27.2299
            ],
            [
              -50.8741,
              -27.2316
            ],
            [
              -50.8747,
              -27.2328
            ],
            [
              -50.8746,
              -27.2344
            ],
            [
              -50.873,
              -27.2347
            ],
            [
              -50.8729,
              -27.2382
            ],
            [
              -50.8714,
              -27.2403
            ],
            [
              -50.8683,
              -27.2426
            ],
            [
              -50.8661,
              -27.2415
            ],
            [
              -50.8651,
              -27.2403
            ],
            [
              -50.861,
              -27.2385
            ],
            [
              -50.86,
              -27.2386
            ],
            [
              -50.8607,
              -27.2417
            ],
            [
              -50.8577,
              -27.2422
            ],
            [
              -50.8564,
              -27.2444
            ],
            [
              -50.8565,
              -27.247
            ],
            [
              -50.8555,
              -27.2481
            ],
            [
              -50.8539,
              -27.2474
            ],
            [
              -50.8519,
              -27.2472
            ],
            [
              -50.8505,
              -27.2477
            ],
            [
              -50.847,
              -27.2503
            ],
            [
              -50.8438,
              -27.2471
            ],
            [
              -50.8438,
              -27.246
            ],
            [
              -50.845,
              -27.2455
            ],
            [
              -50.8453,
              -27.2442
            ],
            [
              -50.8442,
              -27.2412
            ],
            [
              -50.846,
              -27.2397
            ],
            [
              -50.8456,
              -27.2366
            ],
            [
              -50.845,
              -27.2348
            ],
            [
              -50.8496,
              -27.235
            ],
            [
              -50.8502,
              -27.2341
            ],
            [
              -50.8495,
              -27.2321
            ],
            [
              -50.8513,
              -27.2311
            ],
            [
              -50.8517,
              -27.2287
            ],
            [
              -50.8496,
              -27.2289
            ],
            [
              -50.8474,
              -27.2305
            ],
            [
              -50.8465,
              -27.2305
            ],
            [
              -50.8436,
              -27.2294
            ],
            [
              -50.8417,
              -27.2273
            ],
            [
              -50.8398,
              -27.2281
            ],
            [
              -50.8355,
              -27.227
            ],
            [
              -50.8348,
              -27.2258
            ],
            [
              -50.833,
              -27.2261
            ],
            [
              -50.8328,
              -27.2298
            ],
            [
              -50.8338,
              -27.2308
            ],
            [
              -50.8328,
              -27.2321
            ],
            [
              -50.8319,
              -27.2351
            ],
            [
              -50.8306,
              -27.2369
            ],
            [
              -50.8326,
              -27.2421
            ],
            [
              -50.8281,
              -27.2434
            ],
            [
              -50.8232,
              -27.2421
            ],
            [
              -50.8204,
              -27.2432
            ],
            [
              -50.8181,
              -27.2423
            ],
            [
              -50.8183,
              -27.2399
            ],
            [
              -50.818,
              -27.2374
            ],
            [
              -50.8184,
              -27.2345
            ],
            [
              -50.8212,
              -27.2332
            ],
            [
              -50.8222,
              -27.2312
            ],
            [
              -50.8221,
              -27.2301
            ],
            [
              -50.8207,
              -27.2295
            ],
            [
              -50.82,
              -27.2272
            ],
            [
              -50.8224,
              -27.2244
            ],
            [
              -50.8228,
              -27.2234
            ],
            [
              -50.822,
              -27.2222
            ],
            [
              -50.8202,
              -27.2221
            ],
            [
              -50.8192,
              -27.2214
            ],
            [
              -50.8222,
              -27.2194
            ],
            [
              -50.8225,
              -27.2178
            ],
            [
              -50.8212,
              -27.2168
            ],
            [
              -50.8175,
              -27.2161
            ],
            [
              -50.8199,
              -27.2142
            ],
            [
              -50.8185,
              -27.2136
            ],
            [
              -50.8201,
              -27.2119
            ],
            [
              -50.8191,
              -27.2104
            ],
            [
              -50.8204,
              -27.2089
            ],
            [
              -50.818,
              -27.2077
            ],
            [
              -50.8198,
              -27.2055
            ],
            [
              -50.8222,
              -27.2052
            ],
            [
              -50.8241,
              -27.2044
            ],
            [
              -50.8261,
              -27.2041
            ],
            [
              -50.8268,
              -27.2016
            ],
            [
              -50.8255,
              -27.1993
            ],
            [
              -50.8268,
              -27.1987
            ],
            [
              -50.8273,
              -27.1963
            ],
            [
              -50.826,
              -27.1944
            ],
            [
              -50.8256,
              -27.193
            ],
            [
              -50.8261,
              -27.1916
            ],
            [
              -50.8278,
              -27.1921
            ],
            [
              -50.8291,
              -27.1919
            ],
            [
              -50.8301,
              -27.1906
            ],
            [
              -50.8314,
              -27.1909
            ],
            [
              -50.8352,
              -27.1897
            ],
            [
              -50.834,
              -27.1887
            ],
            [
              -50.8349,
              -27.1868
            ],
            [
              -50.8362,
              -27.1857
            ],
            [
              -50.8378,
              -27.186
            ],
            [
              -50.8379,
              -27.1842
            ]
          ]
        ]
      },
      "properties": {
        "codarea": "4211058",
        "nome_municipio": "Monte Carlo",
        "codigo_ibge": 4211058
      }
    },
    {
      "type": "Feature",
      "geometry": {
        "type": "Polygon",
        "coordinates": [
          [
            [
              -50.9603,
              -27.3793
            ],
            [
              -50.9605,
              -27.3836
            ],
            [
              -50.9589,
              -27.3852
            ],
            [
              -50.9572,
              -27.3857
            ],
            [
              -50.955,
              -27.3844
            ],
            [
              -50.9533,
              -27.3843
            ],
            [
              -50.9523,
              -27.385
            ],
            [
              -50.9496,
              -27.3855
            ],
            [
              -50.9481,
              -27.3879
            ],
            [
              -50.9447,
              -27.3894
            ],
            [
              -50.9423,
              -27.3888
            ],
            [
              -50.9408,
              -27.3896
            ],
            [
              -50.9398,
              -27.3879
            ],
            [
              -50.9375,
              -27.3856
            ],
            [
              -50.9346,
              -27.3842
            ],
            [
              -50.9317,
              -27.3812
            ],
            [
              -50.9308,
              -27.3799
            ],
            [
              -50.9291,
              -27.3792
            ],
            [
              -50.928,
              -27.3804
            ],
            [
              -50.9257,
              -27.3804
            ],
            [
              -50.9246,
              -27.3821
            ],
            [
              -50.9233,
              -27.3818
            ],
            [
              -50.9215,
              -27.3824
            ],
            [
              -50.9192,
              -27.3818
            ],
            [
              -50.9178,
              -27.3823
            ],
            [
              -50.9171,
              -27.3815
            ],
            [
              -50.9144,
              -27.3827
            ],
            [
              -50.9142,
              -27.3815
            ],
            [
              -50.9116,
              -27.3813
            ],
            [
              -50.9094,
              -27.3792
            ],
            [
              -50.9101,
              -27.377
            ],
            [
              -50.9086,
              -27.3767
            ],
            [
              -50.9056,
              -27.378
            ],
            [
              -50.9041,
              -27.3803
            ],
            [
              -50.9039,
              -27.3816
            ],
            [
              -50.9051,
              -27.3842
            ],
            [
              -50.9043,
              -27.3865
            ],
            [
              -50.9073,
              -27.3882
            ],
            [
              -50.9057,
              -27.3894
            ],
            [
              -50.9074,
              -27.3922
            ],
            [
              -50.9105,
              -27.392
            ],
            [
              -50.9092,
              -27.3937
            ],
            [
              -50.9089,
              -27.3955
            ],
            [
              -50.9076,
              -27.3966
            ],
            [
              -50.9054,
              -27.3966
            ],
            [
              -50.9028,
              -27.3979
            ],
            [
              -50.9017,
              -27.3979
            ],
            [
              -50.9,
              -27.3991
            ],
            [
              -50.8996,
              -27.4002
            ],
            [
              -50.8976,
              -27.4
            ],
            [
              -50.8969,
              -27.4005
            ],
            [
              -50.8982,
              -27.4033
            ],
            [
              -50.898,
              -27.4043
            ],
            [
              -50.8958,
              -27.4054
            ],
            [
              -50.8961,
              -27.4063
            ],
            [
              -50.8977,
              -27.4078
            ],
            [
              -50.8991,
              -27.4104
            ],
            [
              -50.9013,
              -27.41
            ],
            [
              -50.9018,
              -27.4105
            ],
            [
              -50.9015,
              -27.4146
            ],
            [
              -50.8981,
              -27.4143
            ],
            [
              -50.8962,
              -27.416
            ],
            [
              -50.8952,
              -27.4154
            ],
            [
              -50.8922,
              -27.4178
            ],
            [
              -50.8921,
              -27.4193
            ],
            [
              -50.8906,
              -27.4208
            ],
            [
              -50.8892,
              -27.4233
            ],
            [
              -50.8904,
              -27.4249
            ],
            [
              -50.8921,
              -27.4248
            ],
            [
              -50.8918,
              -27.4285
            ],
            [
              -50.89,
              -27.429
            ],
            [
              -50.8876,
              -27.4287
            ],
            [
              -50.8867,
              -27.4267
            ],
            [
              -50.8854,
              -27.4253
            ],
            [
              -50.8837,
              -27.4246
            ],
            [
              -50.8826,
              -27.423
            ],
            [
              -50.8814,
              -27.4238
            ],
            [
              -50.8803,
              -27.4263
            ],
            [
              -50.8782,
              -27.427
            ],
            [
              -50.8775,
              -27.4295
            ],
            [
              -50.875,
              -27.4295
            ],
            [
              -50.8747,
              -27.4316
            ],
            [
              -50.8752,
              -27.433
            ],
            [
              -50.8731,
              -27.4343
            ],
            [
              -50.8682,
              -27.4346
            ],
            [
              -50.8659,
              -27.433
            ],
            [
              -50.864,
              -27.4335
            ],
            [
              -50.8594,
              -27.4309
            ],
            [
              -50.858,
              -27.4292
            ],
            [
              -50.8568,
              -27.4309
            ],
            [
              -50.852,
              -27.4277
            ],
            [
              -50.8507,
              -27.4274
            ],
            [
              -50.8496,
              -27.4287
            ],
            [
              -50.8504,
              -27.4322
            ],
            [
              -50.8515,
              -27.4347
            ],
            [
              -50.8491,
              -27.4366
            ],
            [
              -50.8486,
              -27.4389
            ],
            [
              -50.8463,
              -27.4423
            ],
            [
              -50.8446,
              -27.4439
            ],
            [
              -50.8422,
              -27.4447
            ],
            [
              -50.8418,
              -27.4456
            ],
            [
              -50.8375,
              -27.4423
            ],
            [
              -50.8357,
              -27.4415
            ],
            [
              -50.8363,
              -27.4403
            ],
            [
              -50.8405,
              -27.4367
            ],
            [
              -50.8419,
              -27.4344
            ],
            [
              -50.8422,
              -27.4321
            ],
            [
              -50.8398,
              -27.4305
            ],
            [
              -50.8394,
              -27.4296
            ],
            [
              -50.8364,
              -27.4298
            ],
            [
              -50.8349,
              -27.429
            ],
            [
              -50.8351,
              -27.4317
            ],
            [
              -50.8334,
              -27.4333
            ],
            [
              -50.8319,
              -27.4335
            ],
            [
              -50.8321,
              -27.4348
            ],
            [
              -50.8299,
              -27.4346
            ],
            [
              -50.8279,
              -27.4354
            ],
            [
              -50.8265,
              -27.4334
            ],
            [
              -50.8252,
              -27.4336
            ],
            [
              -50.8249,
              -27.4354
            ],
            [
              -50.8232,
              -27.4351
            ],
            [
              -50.8215,
              -27.4354
            ],
            [
              -50.8203,
              -27.4372
            ],
            [
              -50.8201,
              -27.4391
            ],
            [
              -50.8224,
              -27.4414
            ],
            [
              -50.8228,
              -27.4431
            ],
            [
              -50.8238,
              -27.4447
            ],
            [
              -50.8239,
              -27.4463
            ],
            [
              -50.823,
              -27.4484
            ],
            [
              -50.8227,
              -27.4507
            ],
            [
              -50.823,
              -27.4516
            ],
            [
              -50.8216,
              -27.4518
            ],
            [
              -50.8177,
              -27.4541
            ],
            [
              -50.8167,
              -27.4563
            ],
            [
              -50.817,
              -27.4583
            ],
            [
              -50.8161,
              -27.46
            ],
            [
              -50.8155,
              -27.4632
            ],
            [
              -50.8148,
              -27.4648
            ],
            [
              -50.812,
              -27.4683
            ],
            [
              -50.8105,
              -27.4697
            ],
            [
              -50.8091,
              -27.4699
            ],
            [
              -50.8074,
              -27.469
            ],
            [
              -50.807,
              -27.4669
            ],
            [
              -50.8078,
              -27.4609
            ],
            [
              -50.8077,
              -27.4595
            ],
            [
              -50.8061,
              -27.4569
            ],
            [
              -50.8041,
              -27.4558
            ],
            [
              -50.8011,
              -27.4554
            ],
            [
              -50.7972,
              -27.4567
            ],
            [
              -50.7928,
              -27.4577
            ],
            [
              -50.7877,
              -27.4597
            ],
            [
              -50.7859,
              -27.4596
            ],
            [
              -50.7842,
              -27.4583
            ],
            [
              -50.7824,
              -27.455
            ],
            [
              -50.7806,
              -27.4504
            ],
            [
              -50.7813,
              -27.4481
            ],
            [
              -50.7847,
              -27.4451
            ],
            [
              -50.7877,
              -27.4419
            ],
            [
              -50.7897,
              -27.4407
            ],
            [
              -50.7921,
              -27.438
            ],
            [
              -50.7938,
              -27.4368
            ],
            [
              -50.7953,
              -27.4346
            ],
            [
              -50.7957,
              -27.4332
            ],
            [
              -50.7949,
              -27.4316
            ],
            [
              -50.7934,
              -27.4302
            ],
            [
              -50.789,
              -27.4286
            ],
            [
              -50.7847,
              -27.429
            ],
            [
              -50.7821,
              -27.4309
            ],
            [
              -50.7811,
              -27.4323
            ],
            [
              -50.7791,
              -27.4363
            ],
            [
              -50.7777,
              -27.4401
            ],
            [
              -50.7757,
              -27.4422
            ],
            [
              -50.7743,
              -27.4427
            ],
            [
              -50.7699,
              -27.4423
            ],
            [
              -50.7676,
              -27.4414
            ],
            [
              -50.7664,
              -27.4403
            ],
            [
              -50.7655,
              -27.4385
            ],
            [
              -50.7655,
              -27.4366
            ],
            [
              -50.7639,
              -27.4336
            ],
            [
              -50.7629,
              -27.4326
            ],
            [
              -50.7621,
              -27.4304
            ],
            [
              -50.7623,
              -27.4281
            ],
            [
              -50.7618,
              -27.4272
            ],
            [
              -50.7575,
              -27.4255
            ],
            [
              -50.7553,
              -27.424
            ],
            [
              -50.7541,
              -27.4223
            ],
            [
              -50.7557,
              -27.419
            ],
            [
              -50.7552,
              -27.4167
            ],
            [
              -50.7561,
              -27.4154
            ],
            [
              -50.7583,
              -27.4136
            ],
            [
              -50.7604,
              -27.4128
            ],
            [
              -50.7615,
              -27.4119
            ],
            [
              -50.7653,
              -27.4079
            ],
            [
              -50.7682,
              -27.4056
            ],
            [
              -50.7701,
              -27.4036
            ],
            [
              -50.7702,
              -27.4023
            ],
            [
              -50.7681,
              -27.4007
            ],
            [
              -50.7645,
              -27.3997
            ],
            [
              -50.7617,
              -27.3972
            ],
            [
              -50.7596,
              -27.394
            ],
            [
              -50.759,
              -27.3926
            ],
            [
              -50.7569,
              -27.39
            ],
            [
              -50.7563,
              -27.3884
            ],
            [
              -50.7576,
              -27.3842
            ],
            [
              -50.7576,
              -27.3826
            ],
            [
              -50.7556,
              -27.3801
            ],
            [
              -50.7548,
              -27.3763
            ],
            [
              -50.7554,
              -27.375
            ],
            [
              -50.7552,
              -27.3733
            ],
            [
              -50.7562,
              -27.3707
            ],
            [
              -50.7586,
              -27.3668
            ],
            [
              -50.7586,
              -27.3653
            ],
            [
              -50.7569,
              -27.3639
            ],
            [
              -50.7531,
              -27.364
            ],
            [
              -50.7511,
              -27.3637
            ],
            [
              -50.7484,
              -27.3599
            ],
            [
              -50.7468,
              -27.3586
            ],
            [
              -50.7393,
              -27.3548
            ],
            [
              -50.7376,
              -27.3541
            ],
            [
              -50.7368,
              -27.353
            ],
            [
              -50.7375,
              -27.3512
            ],
            [
              -50.74,
              -27.3505
            ],
            [
              -50.7429,
              -27.3521
            ],
            [
              -50.7448,
              -27.3519
            ],
            [
              -50.751,
              -27.3493
            ],
            [
              -50.7522,
              -27.3494
            ],
            [
              -50.7589,
              -27.3521
            ],
            [
              -50.7609,
              -27.3525
            ],
            [
              -50.7631,
              -27.3513
            ],
            [
              -50.764,
              -27.35
            ],
            [
              -50.7644,
              -27.3458
            ],
            [
              -50.764,
              -27.3445
            ],
            [
              -50.7621,
              -27.3418
            ],
            [
              -50.7586,
              -27.3376
            ],
            [
              -50.754,
              -27.3331
            ],
            [
              -50.752,
              -27.332
            ],
            [
              -50.7496,
              -27.3289
            ],
            [
              -50.7493,
              -27.3268
            ],
            [
              -50.7502,
              -27.3231
            ],
            [
              -50.7509,
              -27.3219
            ],
            [
              -50.7533,
              -27.3204
            ],
            [
              -50.7554,
              -27.3195
            ],
            [
              -50.7583,
              -27.3193
            ],
            [
              -50.76,
              -27.3188
            ],
            [
              -50.7628,
              -27.3168
            ],
            [
              -50.7647,
              -27.3136
            ],
            [
              -50.7649,
              -27.3123
            ],
            [
              -50.7644,
              -27.3092
            ],
            [
              -50.7654,
              -27.3057
            ],
            [
              -50.7675,
              -27.3054
            ],
            [
              -50.7694,
              -27.3061
            ],
            [
              -50.7707,
              -27.3053
            ],
            [
              -50.7714,
              -27.3034
            ],
            [
              -50.7714,
              -27.301
            ],
            [
              -50.7734,
              -27.2974
            ],
            [
              -50.7778,
              -27.2949
            ],
            [
              -50.7791,
              -27.2925
            ],
            [
              -50.7788,
              -27.291
            ],
            [
              -50.7761,
              -27.2904
            ],
            [
              -50.7751,
              -27.2895
            ],
            [
              -50.7749,
              -27.285
            ],
            [
              -50.7776,
              -27.2799
            ],
            [
              -50.7792,
              -27.2789
            ],
            [
              -50.7796,
              -27.2772
            ],
            [
              -50.7765,
              -27.2749
            ],
            [
              -50.776,
              -27.2729
            ],
            [
              -50.777,
              -27.2702
            ],
            [
              -50.7765,
              -27.2684
            ],
            [
              -50.7776,
              -27.2668
            ],
            [
              -50.7807,
              -27.2665
            ],
            [
              -50.7817,
              -27.2687
            ],
            [
              -50.7833,
              -27.2684
            ],
            [
              -50.7848,
              -27.269
            ],
            [
              -50.7873,
              -27.2694
            ],
            [
              -50.7882,
              -27.268
            ],
            [
              -50.7901,
              -27.2678
            ],
            [
              -50.7928,
              -27.2683
            ],
            [
              -50.7941,
              -27.268
            ],
            [
              -50.796,
              -27.2652
            ],
            [
              -50.7972,
              -27.2642
            ],
            [
              -50.799,
              -27.2636
            ],
            [
              -50.8003,
              -27.2619
            ],
            [
              -50.8004,
              -27.2603
            ],
            [
              -50.7993,
              -27.2595
            ],
            [
              -50.7978,
              -27.2594
            ],
            [
              -50.7968,
              -27.2575
            ],
            [
              -50.7948,
              -27.2568
            ],
            [
              -50.792,
              -27.2568
            ],
            [
              -50.7893,
              -27.2564
            ],
            [
              -50.7879,
              -27.2555
            ],
            [
              -50.7872,
              -27.2539
            ],
            [
              -50.7872,
              -27.2517
            ],
            [
              -50.7879,
              -27.2507
            ],
            [
              -50.7917,
              -27.2487
            ],
            [
              -50.7935,
              -27.2491
            ],
            [
              -50.7963,
              -27.2476
            ],
            [
              -50.7967,
              -27.2457
            ],
            [
              -50.7959,
              -27.2435
            ],
            [
              -50.7961,
              -27.2411
            ],
            [
              -50.7972,
              -27.2407
            ],
            [
              -50.8004,
              -27.2415
            ],
            [
              -50.8048,
              -27.2396
            ],
            [
              -50.8076,
              -27.2392
            ],
            [
              -50.8114,
              -27.2376
            ],
            [
              -50.8112,
              -27.2354
            ],
            [
              -50.8099,
              -27.2333
            ],
            [
              -50.8081,
              -27.2316
            ],
            [
              -50.8082,
              -27.2305
            ],
            [
              -50.8149,
              -27.228
            ],
            [
              -50.8207,
              -27.2295
            ],
            [
              -50.8221,
              -27.2301
            ],
            [
              -50.8222,
              -27.2312
            ],
            [
              -50.8212,
              -27.2332
            ],
            [
              -50.8184,
              -27.2345
            ],
            [
              -50.818,
              -27.2374
            ],
            [
              -50.8183,
              -27.2399
            ],
            [
              -50.8181,
              -27.2423
            ],
            [
              -50.8204,
              -27.2432
            ],
            [
              -50.8232,
              -27.2421
            ],
            [
              -50.8281,
              -27.2434
            ],
            [
              -50.8326,
              -27.2421
            ],
            [
              -50.8306,
              -27.2369
            ],
            [
              -50.8319,
              -27.2351
            ],
            [
              -50.8328,
              -27.2321
            ],
            [
              -50.8338,
              -27.2308
            ],
            [
              -50.8328,
              -27.2298
            ],
            [
              -50.833,
              -27.2261
            ],
            [
              -50.8348,
              -27.2258
            ],
            [
              -50.8355,
              -27.227
            ],
            [
              -50.8398,
              -27.2281
            ],
            [
              -50.8417,
              -27.2273
            ],
            [
              -50.8436,
              -27.2294
            ],
            [
              -50.8465,
              -27.2305
            ],
            [
              -50.8474,
              -27.2305
            ],
            [
              -50.8496,
              -27.2289
            ],
            [
              -50.8517,
              -27.2287
            ],
            [
              -50.8513,
              -27.2311
            ],
            [
              -50.8495,
              -27.2321
            ],
            [
              -50.8502,
              -27.2341
            ],
            [
              -50.8496,
              -27.235
            ],
            [
              -50.845,
              -27.2348
            ],
            [
              -50.8456,
              -27.2366
            ],
            [
              -50.846,
              -27.2397
            ],
            [
              -50.8442,
              -27.2412
            ],
            [
              -50.8453,
              -27.2442
            ],
            [
              -50.845,
              -27.2455
            ],
            [
              -50.8438,
              -27.246
            ],
            [
              -50.8438,
              -27.2471
            ],
            [
              -50.847,
              -27.2503
            ],
            [
              -50.8505,
              -27.2477
            ],
            [
              -50.8519,
              -27.2472
            ],
            [
              -50.8539,
              -27.2474
            ],
            [
              -50.8522,
              -27.2491
            ],
            [
              -50.8524,
              -27.251
            ],
            [
              -50.8544,
              -27.2526
            ],
            [
              -50.8569,
              -27.2554
            ],
            [
              -50.8597,
              -27.2574
            ],
            [
              -50.8605,
              -27.2591
            ],
            [
              -50.8626,
              -27.2593
            ],
            [
              -50.8642,
              -27.2584
            ],
            [
              -50.8654,
              -27.2605
            ],
            [
              -50.8659,
              -27.2623
            ],
            [
              -50.8671,
              -27.2626
            ],
            [
              -50.8691,
              -27.2643
            ],
            [
              -50.8706,
              -27.2673
            ],
            [
              -50.8717,
              -27.2684
            ],
            [
              -50.8715,
              -27.2694
            ],
            [
              -50.8732,
              -27.2719
            ],
            [
              -50.8754,
              -27.2734
            ],
            [
              -50.8796,
              -27.2727
            ],
            [
              -50.8826,
              -27.2717
            ],
            [
              -50.8844,
              -27.272
            ],
            [
              -50.887,
              -27.2714
            ],
            [
              -50.889,
              -27.2724
            ],
            [
              -50.8928,
              -27.2709
            ],
            [
              -50.8983,
              -27.2725
            ],
            [
              -50.8991,
              -27.2723
            ],
            [
              -50.9002,
              -27.2738
            ],
            [
              -50.9034,
              -27.2757
            ],
            [
              -50.9039,
              -27.277
            ],
            [
              -50.9056,
              -27.2776
            ],
            [
              -50.9066,
              -27.277
            ],
            [
              -50.9102,
              -27.2768
            ],
            [
              -50.9119,
              -27.2771
            ],
            [
              -50.9138,
              -27.2789
            ],
            [
              -50.914,
              -27.2814
            ],
            [
              -50.915,
              -27.2821
            ],
            [
              -50.9169,
              -27.2821
            ],
            [
              -50.9184,
              -27.2834
            ],
            [
              -50.918,
              -27.2856
            ],
            [
              -50.9205,
              -27.2855
            ],
            [
              -50.9221,
              -27.2846
            ],
            [
              -50.9231,
              -27.2857
            ],
            [
              -50.9217,
              -27.2865
            ],
            [
              -50.9226,
              -27.2879
            ],
            [
              -50.9241,
              -27.2876
            ],
            [
              -50.9269,
              -27.2906
            ],
            [
              -50.9281,
              -27.2911
            ],
            [
              -50.9298,
              -27.2908
            ],
            [
              -50.931,
              -27.2921
            ],
            [
              -50.9332,
              -27.2923
            ],
            [
              -50.9333,
              -27.2944
            ],
            [
              -50.9316,
              -27.2955
            ],
            [
              -50.9316,
              -27.2969
            ],
            [
              -50.9345,
              -27.2987
            ],
            [
              -50.9348,
              -27.2993
            ],
            [
              -50.9337,
              -27.3024
            ],
            [
              -50.9299,
              -27.3044
            ],
            [
              -50.9297,
              -27.3062
            ],
            [
              -50.9307,
              -27.3082
            ],
            [
              -50.9325,
              -27.3104
            ],
            [
              -50.9341,
              -27.3104
            ],
            [
              -50.9378,
              -27.3126
            ],
            [
              -50.9401,
              -27.3135
            ],
            [
              -50.9418,
              -27.3131
            ],
            [
              -50.9443,
              -27.3148
            ],
            [
              -50.9444,
              -27.3179
            ],
            [
              -50.9416,
              -27.3177
            ],
            [
              -50.9406,
              -27.3204
            ],
            [
              -50.9384,
              -27.3217
            ],
            [
              -50.9372,
              -27.3233
            ],
            [
              -50.933,
              -27.3249
            ],
            [
              -50.9318,
              -27.3251
            ],
            [
              -50.931,
              -27.3277
            ],
            [
              -50.9324,
              -27.3278
            ],
            [
              -50.934,
              -27.3286
            ],
            [
              -50.9365,
              -27.3307
            ],
            [
              -50.9389,
              -27.3315
            ],
            [
              -50.9475,
              -27.3321
            ],
            [
              -50.951,
              -27.333
            ],
            [
              -50.9541,
              -27.3345
            ],
            [
              -50.9573,
              -27.3353
            ],
            [
              -50.9629,
              -27.3356
            ],
            [
              -50.9678,
              -27.3364
            ],
            [
              -50.9703,
              -27.3371
            ],
            [
              -50.9713,
              -27.3388
            ],
            [
              -50.9709,
              -27.3426
            ],
            [
              -50.9716,
              -27.3446
            ],
            [
              -50.9696,
              -27.3468
            ],
            [
              -50.9708,
              -27.3492
            ],
            [
              -50.9706,
              -27.3502
            ],
            [
              -50.9692,
              -27.3503
            ],
            [
              -50.9676,
              -27.3521
            ],
            [
              -50.9685,
              -27.3543
            ],
            [
              -50.9682,
              -27.3561
            ],
            [
              -50.9672,
              -27.3583
            ],
            [
              -50.9679,
              -27.3592
            ],
            [
              -50.9675,
              -27.3617
            ],
            [
              -50.9638,
              -27.3666
            ],
            [
              -50.964,
              -27.3696
            ],
            [
              -50.9651,
              -27.3704
            ],
            [
              -50.9641,
              -27.3729
            ],
            [
              -50.9631,
              -27.3737
            ],
            [
              -50.9631,
              -27.3752
            ],
            [
              -50.9623,
              -27.3761
            ],
            [
              -50.9605,
              -27.3765
            ],
            [
              -50.9612,
              -27.3778
            ],
            [
              -50.9603,
              -27.3793
            ]
          ]
        ]
      },
      "properties": {
        "codarea": "4202875",
        "nome_municipio": "Brunópolis",
        "codigo_ibge": 4202875
      }
    },
    {
      "type": "Feature",
      "geometry": {
        "type": "Polygon",
        "coordinates": [
          [
            [
              -50.7541,
              -27.4223
            ],
            [
              -50.7488,
              -27.4208
            ],
            [
              -50.7448,
              -27.4222
            ],
            [
              -50.7437,
              -27.4235
            ],
            [
              -50.742,
              -27.427
            ],
            [
              -50.7421,
              -27.4277
            ],
            [
              -50.7448,
              -27.4291
            ],
            [
              -50.7486,
              -27.4296
            ],
            [
              -50.7504,
              -27.4295
            ],
            [
              -50.753,
              -27.4309
            ],
            [
              -50.753,
              -27.4327
            ],
            [
              -50.7518,
              -27.4372
            ],
            [
              -50.7516,
              -27.4403
            ],
            [
              -50.75,
              -27.4491
            ],
            [
              -50.749,
              -27.4501
            ],
            [
              -50.7474,
              -27.4504
            ],
            [
              -50.7454,
              -27.4496
            ],
            [
              -50.7427,
              -27.4461
            ],
            [
              -50.7415,
              -27.444
            ],
            [
              -50.741,
              -27.4417
            ],
            [
              -50.7394,
              -27.4393
            ],
            [
              -50.7369,
              -27.4381
            ],
            [
              -50.7354,
              -27.4383
            ],
            [
              -50.7334,
              -27.4402
            ],
            [
              -50.7327,
              -27.443
            ],
            [
              -50.7301,
              -27.4467
            ],
            [
              -50.7266,
              -27.4495
            ],
            [
              -50.7241,
              -27.4509
            ],
            [
              -50.7205,
              -27.4506
            ],
            [
              -50.7153,
              -27.451
            ],
            [
              -50.7141,
              -27.4506
            ],
            [
              -50.7123,
              -27.4484
            ],
            [
              -50.7119,
              -27.4459
            ],
            [
              -50.7126,
              -27.4438
            ],
            [
              -50.7135,
              -27.4424
            ],
            [
              -50.717,
              -27.4405
            ],
            [
              -50.7181,
              -27.4395
            ],
            [
              -50.7193,
              -27.4367
            ],
            [
              -50.7196,
              -27.4311
            ],
            [
              -50.7187,
              -27.4286
            ],
            [
              -50.7185,
              -27.4265
            ],
            [
              -50.7165,
              -27.4259
            ],
            [
              -50.7156,
              -27.4263
            ],
            [
              -50.7127,
              -27.4297
            ],
            [
              -50.7072,
              -27.4333
            ],
            [
              -50.7064,
              -27.4354
            ],
            [
              -50.7043,
              -27.439
            ],
            [
              -50.7035,
              -27.4414
            ],
            [
              -50.7023,
              -27.4427
            ],
            [
              -50.7006,
              -27.4429
            ],
            [
              -50.7004,
              -27.4403
            ],
            [
              -50.7021,
              -27.4331
            ],
            [
              -50.7004,
              -27.4288
            ],
            [
              -50.6991,
              -27.4277
            ],
            [
              -50.696,
              -27.4266
            ],
            [
              -50.6909,
              -27.426
            ],
            [
              -50.6897,
              -27.4265
            ],
            [
              -50.6886,
              -27.4281
            ],
            [
              -50.6879,
              -27.4304
            ],
            [
              -50.6876,
              -27.4335
            ],
            [
              -50.6878,
              -27.437
            ],
            [
              -50.6893,
              -27.4421
            ],
            [
              -50.6891,
              -27.4434
            ],
            [
              -50.6879,
              -27.4437
            ],
            [
              -50.686,
              -27.4434
            ],
            [
              -50.6847,
              -27.4422
            ],
            [
              -50.6842,
              -27.4402
            ],
            [
              -50.6797,
              -27.4368
            ],
            [
              -50.6777,
              -27.4371
            ],
            [
              -50.6757,
              -27.4383
            ],
            [
              -50.6745,
              -27.4403
            ],
            [
              -50.6762,
              -27.4425
            ],
            [
              -50.6762,
              -27.4464
            ],
            [
              -50.6748,
              -27.4491
            ],
            [
              -50.6721,
              -27.4512
            ],
            [
              -50.6707,
              -27.453
            ],
            [
              -50.6707,
              -27.4568
            ],
            [
              -50.6711,
              -27.4575
            ],
            [
              -50.6779,
              -27.4622
            ],
            [
              -50.678,
              -27.464
            ],
            [
              -50.6769,
              -27.4658
            ],
            [
              -50.6743,
              -27.468
            ],
            [
              -50.6697,
              -27.4708
            ],
            [
              -50.6675,
              -27.4698
            ],
            [
              -50.6657,
              -27.4676
            ],
            [
              -50.6649,
              -27.4645
            ],
            [
              -50.6615,
              -27.463
            ],
            [
              -50.6586,
              -27.4625
            ],
            [
              -50.6567,
              -27.4619
            ],
            [
              -50.6555,
              -27.4609
            ],
            [
              -50.6559,
              -27.4585
            ],
            [
              -50.6551,
              -27.4557
            ],
            [
              -50.6537,
              -27.4543
            ],
            [
              -50.6507,
              -27.4523
            ],
            [
              -50.648,
              -27.4532
            ],
            [
              -50.6466,
              -27.4549
            ],
            [
              -50.6465,
              -27.4567
            ],
            [
              -50.6478,
              -27.4594
            ],
            [
              -50.6472,
              -27.4627
            ],
            [
              -50.6461,
              -27.4642
            ],
            [
              -50.6442,
              -27.4657
            ],
            [
              -50.6414,
              -27.467
            ],
            [
              -50.6399,
              -27.4683
            ],
            [
              -50.6378,
              -27.4693
            ],
            [
              -50.6369,
              -27.4707
            ],
            [
              -50.6352,
              -27.4701
            ],
            [
              -50.6345,
              -27.4691
            ],
            [
              -50.6345,
              -27.4676
            ],
            [
              -50.6355,
              -27.464
            ],
            [
              -50.6377,
              -27.462
            ],
            [
              -50.6391,
              -27.4596
            ],
            [
              -50.64,
              -27.4559
            ],
            [
              -50.639,
              -27.4552
            ],
            [
              -50.6364,
              -27.4556
            ],
            [
              -50.6341,
              -27.4542
            ],
            [
              -50.6306,
              -27.4566
            ],
            [
              -50.6276,
              -27.4578
            ],
            [
              -50.6252,
              -27.4592
            ],
            [
              -50.6229,
              -27.4593
            ],
            [
              -50.6202,
              -27.4603
            ],
            [
              -50.6159,
              -27.4611
            ],
            [
              -50.6145,
              -27.4617
            ],
            [
              -50.6114,
              -27.4646
            ],
            [
              -50.6058,
              -27.4684
            ],
            [
              -50.6044,
              -27.4699
            ],
            [
              -50.6026,
              -27.4698
            ],
            [
              -50.6008,
              -27.469
            ],
            [
              -50.5996,
              -27.4677
            ],
            [
              -50.5987,
              -27.4654
            ],
            [
              -50.598,
              -27.4617
            ],
            [
              -50.5974,
              -27.4606
            ],
            [
              -50.5949,
              -27.4595
            ],
            [
              -50.5925,
              -27.4605
            ],
            [
              -50.5906,
              -27.4619
            ],
            [
              -50.5861,
              -27.4674
            ],
            [
              -50.5837,
              -27.4691
            ],
            [
              -50.5825,
              -27.4692
            ],
            [
              -50.5803,
              -27.4679
            ],
            [
              -50.578,
              -27.4657
            ],
            [
              -50.5762,
              -27.4647
            ],
            [
              -50.5746,
              -27.4645
            ],
            [
              -50.5717,
              -27.4654
            ],
            [
              -50.5706,
              -27.4668
            ],
            [
              -50.5693,
              -27.4671
            ],
            [
              -50.5663,
              -27.466
            ],
            [
              -50.5648,
              -27.4664
            ],
            [
              -50.5639,
              -27.4679
            ],
            [
              -50.5637,
              -27.4699
            ],
            [
              -50.5644,
              -27.4723
            ],
            [
              -50.5658,
              -27.4761
            ],
            [
              -50.5687,
              -27.4798
            ],
            [
              -50.5702,
              -27.4809
            ],
            [
              -50.5714,
              -27.4828
            ],
            [
              -50.5731,
              -27.4839
            ],
            [
              -50.5756,
              -27.4845
            ],
            [
              -50.576,
              -27.4856
            ],
            [
              -50.5755,
              -27.4873
            ],
            [
              -50.5739,
              -27.4896
            ],
            [
              -50.5749,
              -27.4914
            ],
            [
              -50.5747,
              -27.4939
            ],
            [
              -50.5751,
              -27.4961
            ],
            [
              -50.5764,
              -27.4988
            ],
            [
              -50.5778,
              -27.503
            ],
            [
              -50.5761,
              -27.5044
            ],
            [
              -50.573,
              -27.5045
            ],
            [
              -50.5693,
              -27.5041
            ],
            [
              -50.5658,
              -27.5027
            ],
            [
              -50.5595,
              -27.499
            ],
            [
              -50.5566,
              -27.4962
            ],
            [
              -50.5525,
              -27.4935
            ],
            [
              -50.5508,
              -27.4919
            ],
            [
              -50.5487,
              -27.4908
            ],
            [
              -50.5459,
              -27.4888
            ],
            [
              -50.543,
              -27.4852
            ],
            [
              -50.5416,
              -27.4847
            ],
            [
              -50.5351,
              -27.4853
            ],
            [
              -50.5322,
              -27.4865
            ],
            [
              -50.5291,
              -27.4902
            ],
            [
              -50.5272,
              -27.4917
            ],
            [
              -50.5262,
              -27.4916
            ],
            [
              -50.5224,
              -27.4877
            ],
            [
              -50.5221,
              -27.4869
            ],
            [
              -50.5231,
              -27.4823
            ],
            [
              -50.5243,
              -27.479
            ],
            [
              -50.5239,
              -27.4759
            ],
            [
              -50.5255,
              -27.474
            ],
            [
              -50.5309,
              -27.4732
            ],
            [
              -50.5344,
              -27.4719
            ],
            [
              -50.5346,
              -27.4711
            ],
            [
              -50.5331,
              -27.4682
            ],
            [
              -50.5279,
              -27.4648
            ],
            [
              -50.5215,
              -27.4614
            ],
            [
              -50.5162,
              -27.4579
            ],
            [
              -50.514,
              -27.457
            ],
            [
              -50.5096,
              -27.4574
            ],
            [
              -50.5072,
              -27.4581
            ],
            [
              -50.5053,
              -27.4601
            ],
            [
              -50.5079,
              -27.4644
            ],
            [
              -50.5075,
              -27.4657
            ],
            [
              -50.5059,
              -27.4664
            ],
            [
              -50.5015,
              -27.4669
            ],
            [
              -50.499,
              -27.4667
            ],
            [
              -50.4948,
              -27.4649
            ],
            [
              -50.4925,
              -27.4633
            ],
            [
              -50.4886,
              -27.4589
            ],
            [
              -50.4868,
              -27.4586
            ],
            [
              -50.4863,
              -27.4549
            ],
            [
              -50.4848,
              -27.4542
            ],
            [
              -50.4847,
              -27.4522
            ],
            [
              -50.4829,
              -27.4517
            ],
            [
              -50.4823,
              -27.4489
            ],
            [
              -50.4825,
              -27.4463
            ],
            [
              -50.4814,
              -27.4452
            ],
            [
              -50.48,
              -27.4459
            ],
            [
              -50.4777,
              -27.4446
            ],
            [
              -50.4765,
              -27.4443
            ],
            [
              -50.4772,
              -27.4405
            ],
            [
              -50.4787,
              -27.4403
            ],
            [
              -50.4795,
              -27.4386
            ],
            [
              -50.4813,
              -27.4376
            ],
            [
              -50.482,
              -27.4363
            ],
            [
              -50.4845,
              -27.4346
            ],
            [
              -50.4869,
              -27.4353
            ],
            [
              -50.4867,
              -27.4322
            ],
            [
              -50.4848,
              -27.4309
            ],
            [
              -50.4843,
              -27.4296
            ],
            [
              -50.4821,
              -27.4295
            ],
            [
              -50.4817,
              -27.4282
            ],
            [
              -50.4804,
              -27.427
            ],
            [
              -50.4809,
              -27.4252
            ],
            [
              -50.4805,
              -27.4231
            ],
            [
              -50.4796,
              -27.4231
            ],
            [
              -50.4794,
              -27.421
            ],
            [
              -50.4782,
              -27.4205
            ],
            [
              -50.4786,
              -27.419
            ],
            [
              -50.4777,
              -27.4175
            ],
            [
              -50.4783,
              -27.4157
            ],
            [
              -50.4804,
              -27.4154
            ],
            [
              -50.4795,
              -27.4129
            ],
            [
              -50.4804,
              -27.4116
            ],
            [
              -50.48,
              -27.4102
            ],
            [
              -50.4803,
              -27.4075
            ],
            [
              -50.4814,
              -27.4025
            ],
            [
              -50.4831,
              -27.401
            ],
            [
              -50.4849,
              -27.4007
            ],
            [
              -50.4856,
              -27.4027
            ],
            [
              -50.4863,
              -27.4032
            ],
            [
              -50.4871,
              -27.4064
            ],
            [
              -50.4883,
              -27.4062
            ],
            [
              -50.4892,
              -27.4047
            ],
            [
              -50.49,
              -27.4023
            ],
            [
              -50.4896,
              -27.4008
            ],
            [
              -50.4882,
              -27.3992
            ],
            [
              -50.488,
              -27.3976
            ],
            [
              -50.4864,
              -27.3973
            ],
            [
              -50.4799,
              -27.3941
            ],
            [
              -50.4796,
              -27.3927
            ],
            [
              -50.4801,
              -27.3898
            ],
            [
              -50.4792,
              -27.3872
            ],
            [
              -50.4782,
              -27.3861
            ],
            [
              -50.4765,
              -27.3863
            ],
            [
              -50.474,
              -27.3845
            ],
            [
              -50.4738,
              -27.3813
            ],
            [
              -50.4739,
              -27.3793
            ],
            [
              -50.4724,
              -27.3771
            ],
            [
              -50.4695,
              -27.3748
            ],
            [
              -50.4671,
              -27.3732
            ],
            [
              -50.4675,
              -27.3711
            ],
            [
              -50.4661,
              -27.3697
            ],
            [
              -50.4649,
              -27.3695
            ],
            [
              -50.4637,
              -27.3683
            ],
            [
              -50.4637,
              -27.3669
            ],
            [
              -50.4658,
              -27.361
            ],
            [
              -50.4671,
              -27.3614
            ],
            [
              -50.4674,
              -27.3582
            ],
            [
              -50.4658,
              -27.3565
            ],
            [
              -50.4655,
              -27.3549
            ],
            [
              -50.4664,
              -27.3523
            ],
            [
              -50.4641,
              -27.3492
            ],
            [
              -50.4645,
              -27.348
            ],
            [
              -50.4628,
              -27.3473
            ],
            [
              -50.4623,
              -27.3454
            ],
            [
              -50.463,
              -27.3428
            ],
            [
              -50.4627,
              -27.3412
            ],
            [
              -50.4635,
              -27.3392
            ],
            [
              -50.4646,
              -27.3381
            ],
            [
              -50.4632,
              -27.3361
            ],
            [
              -50.4634,
              -27.334
            ],
            [
              -50.4642,
              -27.3326
            ],
            [
              -50.4628,
              -27.3288
            ],
            [
              -50.4637,
              -27.3268
            ],
            [
              -50.4655,
              -27.3269
            ],
            [
              -50.4666,
              -27.3247
            ],
            [
              -50.4662,
              -27.3237
            ],
            [
              -50.4669,
              -27.3206
            ],
            [
              -50.4682,
              -27.3195
            ],
            [
              -50.4686,
              -27.3177
            ],
            [
              -50.4696,
              -27.316
            ],
            [
              -50.4707,
              -27.3153
            ],
            [
              -50.4772,
              -27.3144
            ],
            [
              -50.4785,
              -27.3114
            ],
            [
              -50.4804,
              -27.3107
            ],
            [
              -50.4809,
              -27.3093
            ],
            [
              -50.4822,
              -27.3084
            ],
            [
              -50.4854,
              -27.3078
            ],
            [
              -50.4871,
              -27.3078
            ],
            [
              -50.4918,
              -27.3095
            ],
            [
              -50.493,
              -27.3071
            ],
            [
              -50.493,
              -27.3058
            ],
            [
              -50.4956,
              -27.3048
            ],
            [
              -50.4981,
              -27.3007
            ],
            [
              -50.4995,
              -27.2998
            ],
            [
              -50.4988,
              -27.2986
            ],
            [
              -50.4988,
              -27.2933
            ],
            [
              -50.4997,
              -27.2925
            ],
            [
              -50.499,
              -27.2909
            ],
            [
              -50.4988,
              -27.2872
            ],
            [
              -50.5003,
              -27.2845
            ],
            [
              -50.4997,
              -27.2824
            ],
            [
              -50.5019,
              -27.2739
            ],
            [
              -50.503,
              -27.272
            ],
            [
              -50.5051,
              -27.2705
            ],
            [
              -50.5053,
              -27.2683
            ],
            [
              -50.5061,
              -27.2674
            ],
            [
              -50.5048,
              -27.2652
            ],
            [
              -50.5046,
              -27.2637
            ],
            [
              -50.5062,
              -27.2623
            ],
            [
              -50.5062,
              -27.2603
            ],
            [
              -50.508,
              -27.2586
            ],
            [
              -50.5071,
              -27.2575
            ],
            [
              -50.5044,
              -27.2557
            ],
            [
              -50.5038,
              -27.2543
            ],
            [
              -50.5056,
              -27.2531
            ],
            [
              -50.5049,
              -27.2509
            ],
            [
              -50.5028,
              -27.2492
            ],
            [
              -50.5001,
              -27.2483
            ],
            [
              -50.4979,
              -27.2489
            ],
            [
              -50.4956,
              -27.2458
            ],
            [
              -50.4976,
              -27.2443
            ],
            [
              -50.4984,
              -27.2433
            ],
            [
              -50.4964,
              -27.2411
            ],
            [
              -50.4969,
              -27.239
            ],
            [
              -50.4964,
              -27.237
            ],
            [
              -50.4968,
              -27.2356
            ],
            [
              -50.4956,
              -27.2337
            ],
            [
              -50.4978,
              -27.2329
            ],
            [
              -50.4982,
              -27.2312
            ],
            [
              -50.4997,
              -27.2305
            ],
            [
              -50.5009,
              -27.2289
            ],
            [
              -50.5002,
              -27.2271
            ],
            [
              -50.4992,
              -27.226
            ],
            [
              -50.4998,
              -27.2239
            ],
            [
              -50.4995,
              -27.2223
            ],
            [
              -50.5005,
              -27.2198
            ],
            [
              -50.5018,
              -27.2184
            ],
            [
              -50.5037,
              -27.2174
            ],
            [
              -50.506,
              -27.2142
            ],
            [
              -50.5077,
              -27.2134
            ],
            [
              -50.5111,
              -27.2125
            ],
            [
              -50.5126,
              -27.2116
            ],
            [
              -50.5172,
              -27.2102
            ],
            [
              -50.5213,
              -27.2123
            ],
            [
              -50.5227,
              -27.2126
            ],
            [
              -50.5252,
              -27.2108
            ],
            [
              -50.5287,
              -27.2094
            ],
            [
              -50.53,
              -27.2074
            ],
            [
              -50.5328,
              -27.2054
            ],
            [
              -50.537,
              -27.2071
            ],
            [
              -50.5372,
              -27.2083
            ],
            [
              -50.5344,
              -27.2082
            ],
            [
              -50.5361,
              -27.2103
            ],
            [
              -50.5371,
              -27.2107
            ],
            [
              -50.5392,
              -27.2099
            ],
            [
              -50.542,
              -27.2101
            ],
            [
              -50.5428,
              -27.2085
            ],
            [
              -50.5449,
              -27.2087
            ],
            [
              -50.5459,
              -27.2103
            ],
            [
              -50.5488,
              -27.2105
            ],
            [
              -50.5493,
              -27.2112
            ],
            [
              -50.5486,
              -27.2135
            ],
            [
              -50.551,
              -27.2155
            ],
            [
              -50.5527,
              -27.2151
            ],
            [
              -50.5554,
              -27.2093
            ],
            [
              -50.5566,
              -27.2062
            ],
            [
              -50.5608,
              -27.2031
            ],
            [
              -50.5613,
              -27.2016
            ],
            [
              -50.563,
              -27.2006
            ],
            [
              -50.5663,
              -27.1996
            ],
            [
              -50.5681,
              -27.2001
            ],
            [
              -50.5703,
              -27.2015
            ],
            [
              -50.5716,
              -27.201
            ],
            [
              -50.5704,
              -27.198
            ],
            [
              -50.5703,
              -27.1951
            ],
            [
              -50.5708,
              -27.194
            ],
            [
              -50.5732,
              -27.1939
            ],
            [
              -50.5759,
              -27.1949
            ],
            [
              -50.5777,
              -27.195
            ],
            [
              -50.5813,
              -27.1929
            ],
            [
              -50.5824,
              -27.1941
            ],
            [
              -50.5854,
              -27.1961
            ],
            [
              -50.5859,
              -27.1974
            ],
            [
              -50.5902,
              -27.2014
            ],
            [
              -50.5933,
              -27.201
            ],
            [
              -50.5952,
              -27.2
            ],
            [
              -50.5975,
              -27.1998
            ],
            [
              -50.6008,
              -27.2007
            ],
            [
              -50.6057,
              -27.1977
            ],
            [
              -50.6078,
              -27.1939
            ],
            [
              -50.6087,
              -27.193
            ],
            [
              -50.6097,
              -27.1909
            ],
            [
              -50.6092,
              -27.19
            ],
            [
              -50.6097,
              -27.1872
            ],
            [
              -50.6108,
              -27.1859
            ],
            [
              -50.611,
              -27.1846
            ],
            [
              -50.6119,
              -27.1833
            ],
            [
              -50.6124,
              -27.1808
            ],
            [
              -50.6138,
              -27.1799
            ],
            [
              -50.613,
              -27.1776
            ],
            [
              -50.6101,
              -27.1757
            ],
            [
              -50.6062,
              -27.1759
            ],
            [
              -50.6061,
              -27.1749
            ],
            [
              -50.6081,
              -27.1733
            ],
            [
              -50.6073,
              -27.1711
            ],
            [
              -50.6083,
              -27.1683
            ],
            [
              -50.6103,
              -27.1641
            ],
            [
              -50.6133,
              -27.1624
            ],
            [
              -50.6156,
              -27.1601
            ],
            [
              -50.6204,
              -27.1577
            ],
            [
              -50.6236,
              -27.1571
            ],
            [
              -50.6264,
              -27.1576
            ],
            [
              -50.6278,
              -27.1564
            ],
            [
              -50.628,
              -27.154
            ],
            [
              -50.6278,
              -27.1517
            ],
            [
              -50.6271,
              -27.1508
            ],
            [
              -50.624,
              -27.1521
            ],
            [
              -50.622,
              -27.1535
            ],
            [
              -50.6206,
              -27.1539
            ],
            [
              -50.617,
              -27.1541
            ],
            [
              -50.6105,
              -27.1517
            ],
            [
              -50.6112,
              -27.1502
            ],
            [
              -50.6109,
              -27.148
            ],
            [
              -50.6084,
              -27.1473
            ],
            [
              -50.6072,
              -27.1454
            ],
            [
              -50.6052,
              -27.1453
            ],
            [
              -50.6025,
              -27.1462
            ],
            [
              -50.6011,
              -27.146
            ],
            [
              -50.5979,
              -27.1482
            ],
            [
              -50.5956,
              -27.144
            ],
            [
              -50.5928,
              -27.1403
            ],
            [
              -50.5915,
              -27.1401
            ],
            [
              -50.5867,
              -27.1407
            ],
            [
              -50.5844,
              -27.1402
            ],
            [
              -50.5841,
              -27.1411
            ],
            [
              -50.5864,
              -27.1418
            ],
            [
              -50.5873,
              -27.1433
            ],
            [
              -50.5863,
              -27.1448
            ],
            [
              -50.5845,
              -27.145
            ],
            [
              -50.5829,
              -27.1464
            ],
            [
              -50.5824,
              -27.1481
            ],
            [
              -50.5831,
              -27.1495
            ],
            [
              -50.5823,
              -27.151
            ],
            [
              -50.5808,
              -27.152
            ],
            [
              -50.5814,
              -27.154
            ],
            [
              -50.5812,
              -27.1563
            ],
            [
              -50.5796,
              -27.1571
            ],
            [
              -50.5767,
              -27.1576
            ],
            [
              -50.5737,
              -27.1566
            ],
            [
              -50.5727,
              -27.1558
            ],
            [
              -50.574,
              -27.1518
            ],
            [
              -50.5764,
              -27.1467
            ],
            [
              -50.5761,
              -27.1446
            ],
            [
              -50.5792,
              -27.1416
            ],
            [
              -50.5777,
              -27.1409
            ],
            [
              -50.5734,
              -27.1424
            ],
            [
              -50.5725,
              -27.1421
            ],
            [
              -50.5718,
              -27.14
            ],
            [
              -50.573,
              -27.1369
            ],
            [
              -50.5722,
              -27.1344
            ],
            [
              -50.5705,
              -27.1321
            ],
            [
              -50.5694,
              -27.1319
            ],
            [
              -50.5674,
              -27.1335
            ],
            [
              -50.5659,
              -27.1337
            ],
            [
              -50.5635,
              -27.1354
            ],
            [
              -50.5619,
              -27.1397
            ],
            [
              -50.5644,
              -27.1402
            ],
            [
              -50.5653,
              -27.1427
            ],
            [
              -50.5648,
              -27.1449
            ],
            [
              -50.5659,
              -27.1485
            ],
            [
              -50.5617,
              -27.152
            ],
            [
              -50.5601,
              -27.1506
            ],
            [
              -50.5596,
              -27.149
            ],
            [
              -50.5602,
              -27.1474
            ],
            [
              -50.56,
              -27.1452
            ],
            [
              -50.5578,
              -27.1439
            ],
            [
              -50.5556,
              -27.1436
            ],
            [
              -50.5515,
              -27.1443
            ],
            [
              -50.5499,
              -27.1448
            ],
            [
              -50.5487,
              -27.1445
            ],
            [
              -50.5478,
              -27.1416
            ],
            [
              -50.5466,
              -27.1423
            ],
            [
              -50.5447,
              -27.1445
            ],
            [
              -50.5412,
              -27.1461
            ],
            [
              -50.537,
              -27.1455
            ],
            [
              -50.537,
              -27.1431
            ],
            [
              -50.5377,
              -27.142
            ],
            [
              -50.5404,
              -27.1407
            ],
            [
              -50.5435,
              -27.1378
            ],
            [
              -50.5471,
              -27.1364
            ],
            [
              -50.5476,
              -27.1353
            ],
            [
              -50.5493,
              -27.1341
            ],
            [
              -50.5512,
              -27.1352
            ],
            [
              -50.5522,
              -27.1352
            ],
            [
              -50.5531,
              -27.1328
            ],
            [
              -50.5523,
              -27.1303
            ],
            [
              -50.5504,
              -27.1298
            ],
            [
              -50.5476,
              -27.1304
            ],
            [
              -50.5443,
              -27.1324
            ],
            [
              -50.5409,
              -27.1327
            ],
            [
              -50.538,
              -27.1352
            ],
            [
              -50.5362,
              -27.1335
            ],
            [
              -50.5349,
              -27.1331
            ],
            [
              -50.5308,
              -27.1338
            ],
            [
              -50.5287,
              -27.134
            ],
            [
              -50.5284,
              -27.1324
            ],
            [
              -50.5296,
              -27.1314
            ],
            [
              -50.5288,
              -27.13
            ],
            [
              -50.5264,
              -27.1243
            ],
            [
              -50.5259,
              -27.1213
            ],
            [
              -50.5263,
              -27.12
            ],
            [
              -50.5274,
              -27.1174
            ],
            [
              -50.5284,
              -27.1138
            ],
            [
              -50.5289,
              -27.1093
            ],
            [
              -50.526,
              -27.1058
            ],
            [
              -50.5263,
              -27.1046
            ],
            [
              -50.5297,
              -27.103
            ],
            [
              -50.5298,
              -27.1017
            ],
            [
              -50.5289,
              -27.0997
            ],
            [
              -50.5303,
              -27.0993
            ],
            [
              -50.5299,
              -27.0973
            ],
            [
              -50.5306,
              -27.0963
            ],
            [
              -50.5301,
              -27.0952
            ],
            [
              -50.5302,
              -27.093
            ],
            [
              -50.53,
              -27.0902
            ],
            [
              -50.5312,
              -27.0888
            ],
            [
              -50.5325,
              -27.0855
            ],
            [
              -50.5353,
              -27.0837
            ],
            [
              -50.5352,
              -27.0815
            ],
            [
              -50.5363,
              -27.0805
            ],
            [
              -50.5397,
              -27.0798
            ],
            [
              -50.5406,
              -27.0773
            ],
            [
              -50.5418,
              -27.0764
            ],
            [
              -50.5431,
              -27.0739
            ],
            [
              -50.5443,
              -27.0744
            ],
            [
              -50.5558,
              -27.0867
            ],
            [
              -50.5585,
              -27.0858
            ],
            [
              -50.5589,
              -27.0833
            ],
            [
              -50.5583,
              -27.0821
            ],
            [
              -50.5564,
              -27.0808
            ],
            [
              -50.556,
              -27.078
            ],
            [
              -50.5552,
              -27.0763
            ],
            [
              -50.5582,
              -27.0735
            ],
            [
              -50.5598,
              -27.073
            ],
            [
              -50.5613,
              -27.0733
            ],
            [
              -50.5622,
              -27.0716
            ],
            [
              -50.5614,
              -27.0681
            ],
            [
              -50.5615,
              -27.0666
            ],
            [
              -50.5607,
              -27.0651
            ],
            [
              -50.5622,
              -27.0635
            ],
            [
              -50.562,
              -27.0611
            ],
            [
              -50.5637,
              -27.0592
            ],
            [
              -50.5645,
              -27.0572
            ],
            [
              -50.568,
              -27.058
            ],
            [
              -50.5699,
              -27.0568
            ],
            [
              -50.5709,
              -27.0552
            ],
            [
              -50.5732,
              -27.0545
            ],
            [
              -50.5741,
              -27.0533
            ],
            [
              -50.5778,
              -27.0527
            ],
            [
              -50.5811,
              -27.0533
            ],
            [
              -50.5825,
              -27.0531
            ],
            [
              -50.5836,
              -27.0553
            ],
            [
              -50.5862,
              -27.0553
            ],
            [
              -50.5881,
              -27.0559
            ],
            [
              -50.5902,
              -27.0554
            ],
            [
              -50.5904,
              -27.0566
            ],
            [
              -50.5923,
              -27.0577
            ],
            [
              -50.5931,
              -27.0552
            ],
            [
              -50.5948,
              -27.0546
            ],
            [
              -50.5959,
              -27.0534
            ],
            [
              -50.5955,
              -27.0522
            ],
            [
              -50.5968,
              -27.0518
            ],
            [
              -50.5975,
              -27.0506
            ],
            [
              -50.599,
              -27.051
            ],
            [
              -50.6007,
              -27.0506
            ],
            [
              -50.6019,
              -27.0517
            ],
            [
              -50.6033,
              -27.0549
            ],
            [
              -50.6033,
              -27.056
            ],
            [
              -50.6051,
              -27.0562
            ],
            [
              -50.6036,
              -27.0586
            ],
            [
              -50.6053,
              -27.0601
            ],
            [
              -50.6078,
              -27.0635
            ],
            [
              -50.6102,
              -27.0647
            ],
            [
              -50.6155,
              -27.0631
            ],
            [
              -50.6202,
              -27.0622
            ],
            [
              -50.6217,
              -27.0627
            ],
            [
              -50.625,
              -27.0643
            ],
            [
              -50.6267,
              -27.0636
            ],
            [
              -50.6279,
              -27.0609
            ],
            [
              -50.6278,
              -27.0582
            ],
            [
              -50.6284,
              -27.0571
            ],
            [
              -50.625,
              -27.0547
            ],
            [
              -50.623,
              -27.0539
            ],
            [
              -50.6242,
              -27.0522
            ],
            [
              -50.6285,
              -27.0519
            ],
            [
              -50.6294,
              -27.0536
            ],
            [
              -50.63,
              -27.0558
            ],
            [
              -50.6316,
              -27.0566
            ],
            [
              -50.6356,
              -27.0561
            ],
            [
              -50.6376,
              -27.0562
            ],
            [
              -50.642,
              -27.0579
            ],
            [
              -50.6443,
              -27.0602
            ],
            [
              -50.6464,
              -27.0613
            ],
            [
              -50.648,
              -27.0632
            ],
            [
              -50.6465,
              -27.0668
            ],
            [
              -50.645,
              -27.0673
            ],
            [
              -50.6414,
              -27.0712
            ],
            [
              -50.6417,
              -27.072
            ],
            [
              -50.6461,
              -27.0739
            ],
            [
              -50.6491,
              -27.0738
            ],
            [
              -50.651,
              -27.0734
            ],
            [
              -50.6522,
              -27.0721
            ],
            [
              -50.6538,
              -27.072
            ],
            [
              -50.6555,
              -27.0728
            ],
            [
              -50.6565,
              -27.0749
            ],
            [
              -50.6546,
              -27.0764
            ],
            [
              -50.6514,
              -27.0783
            ],
            [
              -50.6519,
              -27.081
            ],
            [
              -50.6542,
              -27.0832
            ],
            [
              -50.655,
              -27.0847
            ],
            [
              -50.6579,
              -27.0869
            ],
            [
              -50.6583,
              -27.0891
            ],
            [
              -50.6598,
              -27.0898
            ],
            [
              -50.664,
              -27.0876
            ],
            [
              -50.6654,
              -27.0876
            ],
            [
              -50.6718,
              -27.0864
            ],
            [
              -50.6728,
              -27.0855
            ],
            [
              -50.6724,
              -27.0833
            ],
            [
              -50.6739,
              -27.0813
            ],
            [
              -50.6761,
              -27.0812
            ],
            [
              -50.6804,
              -27.0835
            ],
            [
              -50.683,
              -27.0836
            ],
            [
              -50.6857,
              -27.0831
            ],
            [
              -50.6875,
              -27.0832
            ],
            [
              -50.6886,
              -27.0842
            ],
            [
              -50.6911,
              -27.0838
            ],
            [
              -50.6917,
              -27.0857
            ],
            [
              -50.6913,
              -27.0869
            ],
            [
              -50.6894,
              -27.0887
            ],
            [
              -50.6884,
              -27.0936
            ],
            [
              -50.6907,
              -27.0938
            ],
            [
              -50.6932,
              -27.0933
            ],
            [
              -50.6951,
              -27.0934
            ],
            [
              -50.6982,
              -27.0927
            ],
            [
              -50.6997,
              -27.0933
            ],
            [
              -50.7005,
              -27.0955
            ],
            [
              -50.7021,
              -27.0956
            ],
            [
              -50.7038,
              -27.0967
            ],
            [
              -50.707,
              -27.0972
            ],
            [
              -50.7071,
              -27.0994
            ],
            [
              -50.7078,
              -27.1008
            ],
            [
              -50.7096,
              -27.1037
            ],
            [
              -50.7117,
              -27.1042
            ],
            [
              -50.7144,
              -27.1036
            ],
            [
              -50.7167,
              -27.1045
            ],
            [
              -50.717,
              -27.1059
            ],
            [
              -50.719,
              -27.11
            ],
            [
              -50.7189,
              -27.1116
            ],
            [
              -50.7169,
              -27.1125
            ],
            [
              -50.7154,
              -27.1141
            ],
            [
              -50.7131,
              -27.1151
            ],
            [
              -50.7095,
              -27.1157
            ],
            [
              -50.7078,
              -27.1156
            ],
            [
              -50.707,
              -27.1165
            ],
            [
              -50.7067,
              -27.1181
            ],
            [
              -50.7075,
              -27.1223
            ],
            [
              -50.709,
              -27.1267
            ],
            [
              -50.7124,
              -27.1301
            ],
            [
              -50.7161,
              -27.1336
            ],
            [
              -50.7163,
              -27.1346
            ],
            [
              -50.7141,
              -27.1355
            ],
            [
              -50.7107,
              -27.136
            ],
            [
              -50.7091,
              -27.1358
            ],
            [
              -50.706,
              -27.1345
            ],
            [
              -50.7035,
              -27.1338
            ],
            [
              -50.7008,
              -27.1321
            ],
            [
              -50.6994,
              -27.1316
            ],
            [
              -50.6975,
              -27.1317
            ],
            [
              -50.6967,
              -27.133
            ],
            [
              -50.6973,
              -27.1352
            ],
            [
              -50.6992,
              -27.1368
            ],
            [
              -50.7005,
              -27.1375
            ],
            [
              -50.7032,
              -27.1398
            ],
            [
              -50.7095,
              -27.1444
            ],
            [
              -50.7104,
              -27.146
            ],
            [
              -50.7091,
              -27.1471
            ],
            [
              -50.7078,
              -27.147
            ],
            [
              -50.7071,
              -27.149
            ],
            [
              -50.7052,
              -27.1509
            ],
            [
              -50.7044,
              -27.151
            ],
            [
              -50.7028,
              -27.1528
            ],
            [
              -50.7008,
              -27.1533
            ],
            [
              -50.6992,
              -27.1525
            ],
            [
              -50.6977,
              -27.1537
            ],
            [
              -50.6945,
              -27.1544
            ],
            [
              -50.6911,
              -27.1533
            ],
            [
              -50.6904,
              -27.1544
            ],
            [
              -50.689,
              -27.1545
            ],
            [
              -50.6847,
              -27.1558
            ],
            [
              -50.6822,
              -27.156
            ],
            [
              -50.6812,
              -27.1568
            ],
            [
              -50.7023,
              -27.189
            ],
            [
              -50.7071,
              -27.1866
            ],
            [
              -50.7087,
              -27.187
            ],
            [
              -50.712,
              -27.1887
            ],
            [
              -50.7151,
              -27.19
            ],
            [
              -50.72,
              -27.1924
            ],
            [
              -50.7222,
              -27.1949
            ],
            [
              -50.7237,
              -27.1969
            ],
            [
              -50.7255,
              -27.1988
            ],
            [
              -50.7298,
              -27.2019
            ],
            [
              -50.7305,
              -27.2028
            ],
            [
              -50.7292,
              -27.2065
            ],
            [
              -50.7284,
              -27.2077
            ],
            [
              -50.7271,
              -27.2112
            ],
            [
              -50.7256,
              -27.2139
            ],
            [
              -50.7234,
              -27.2151
            ],
            [
              -50.7227,
              -27.2171
            ],
            [
              -50.723,
              -27.2198
            ],
            [
              -50.7223,
              -27.2227
            ],
            [
              -50.7239,
              -27.2244
            ],
            [
              -50.7267,
              -27.2242
            ],
            [
              -50.7308,
              -27.2249
            ],
            [
              -50.7329,
              -27.2248
            ],
            [
              -50.7369,
              -27.2242
            ],
            [
              -50.7407,
              -27.2253
            ],
            [
              -50.7408,
              -27.2266
            ],
            [
              -50.736,
              -27.2313
            ],
            [
              -50.7329,
              -27.2366
            ],
            [
              -50.7323,
              -27.2393
            ],
            [
              -50.7338,
              -27.2433
            ],
            [
              -50.7332,
              -27.2457
            ],
            [
              -50.7324,
              -27.2471
            ],
            [
              -50.7284,
              -27.25
            ],
            [
              -50.7276,
              -27.2512
            ],
            [
              -50.7275,
              -27.2538
            ],
            [
              -50.7281,
              -27.2551
            ],
            [
              -50.7297,
              -27.2554
            ],
            [
              -50.7316,
              -27.2546
            ],
            [
              -50.7376,
              -27.2533
            ],
            [
              -50.742,
              -27.2519
            ],
            [
              -50.7439,
              -27.2491
            ],
            [
              -50.7455,
              -27.2486
            ],
            [
              -50.749,
              -27.2493
            ],
            [
              -50.7529,
              -27.2522
            ],
            [
              -50.7547,
              -27.2541
            ],
            [
              -50.7587,
              -27.2575
            ],
            [
              -50.7592,
              -27.2586
            ],
            [
              -50.7591,
              -27.2629
            ],
            [
              -50.7588,
              -27.2662
            ],
            [
              -50.758,
              -27.2678
            ],
            [
              -50.756,
              -27.2696
            ],
            [
              -50.754,
              -27.2705
            ],
            [
              -50.7476,
              -27.2711
            ],
            [
              -50.7397,
              -27.2702
            ],
            [
              -50.7384,
              -27.2704
            ],
            [
              -50.7362,
              -27.272
            ],
            [
              -50.7347,
              -27.2744
            ],
            [
              -50.7327,
              -27.2763
            ],
            [
              -50.7316,
              -27.2785
            ],
            [
              -50.7318,
              -27.2798
            ],
            [
              -50.7334,
              -27.2812
            ],
            [
              -50.7373,
              -27.283
            ],
            [
              -50.7413,
              -27.2866
            ],
            [
              -50.744,
              -27.2864
            ],
            [
              -50.7458,
              -27.2843
            ],
            [
              -50.7488,
              -27.2824
            ],
            [
              -50.75,
              -27.2821
            ],
            [
              -50.7535,
              -27.2827
            ],
            [
              -50.7553,
              -27.2821
            ],
            [
              -50.7572,
              -27.2792
            ],
            [
              -50.7585,
              -27.2779
            ],
            [
              -50.7598,
              -27.2784
            ],
            [
              -50.7613,
              -27.2798
            ],
            [
              -50.7633,
              -27.2805
            ],
            [
              -50.7666,
              -27.2809
            ],
            [
              -50.7685,
              -27.2837
            ],
            [
              -50.7688,
              -27.2861
            ],
            [
              -50.7679,
              -27.2878
            ],
            [
              -50.768,
              -27.2895
            ],
            [
              -50.7672,
              -27.2942
            ],
            [
              -50.7671,
              -27.2976
            ],
            [
              -50.7656,
              -27.3004
            ],
            [
              -50.7658,
              -27.303
            ],
            [
              -50.7654,
              -27.3057
            ],
            [
              -50.7644,
              -27.3092
            ],
            [
              -50.7649,
              -27.3123
            ],
            [
              -50.7647,
              -27.3136
            ],
            [
              -50.7628,
              -27.3168
            ],
            [
              -50.76,
              -27.3188
            ],
            [
              -50.7583,
              -27.3193
            ],
            [
              -50.7554,
              -27.3195
            ],
            [
              -50.7533,
              -27.3204
            ],
            [
              -50.7509,
              -27.3219
            ],
            [
              -50.7502,
              -27.3231
            ],
            [
              -50.7493,
              -27.3268
            ],
            [
              -50.7496,
              -27.3289
            ],
            [
              -50.752,
              -27.332
            ],
            [
              -50.754,
              -27.3331
            ],
            [
              -50.7586,
              -27.3376
            ],
            [
              -50.7621,
              -27.3418
            ],
            [
              -50.764,
              -27.3445
            ],
            [
              -50.7644,
              -27.3458
            ],
            [
              -50.764,
              -27.35
            ],
            [
              -50.7631,
              -27.3513
            ],
            [
              -50.7609,
              -27.3525
            ],
            [
              -50.7589,
              -27.3521
            ],
            [
              -50.7522,
              -27.3494
            ],
            [
              -50.751,
              -27.3493
            ],
            [
              -50.7448,
              -27.3519
            ],
            [
              -50.7429,
              -27.3521
            ],
            [
              -50.74,
              -27.3505
            ],
            [
              -50.7375,
              -27.3512
            ],
            [
              -50.7368,
              -27.353
            ],
            [
              -50.7376,
              -27.3541
            ],
            [
              -50.7393,
              -27.3548
            ],
            [
              -50.7468,
              -27.3586
            ],
            [
              -50.7484,
              -27.3599
            ],
            [
              -50.7511,
              -27.3637
            ],
            [
              -50.7531,
              -27.364
            ],
            [
              -50.7569,
              -27.3639
            ],
            [
              -50.7586,
              -27.3653
            ],
            [
              -50.7586,
              -27.3668
            ],
            [
              -50.7562,
              -27.3707
            ],
            [
              -50.7552,
              -27.3733
            ],
            [
              -50.7554,
              -27.375
            ],
            [
              -50.7548,
              -27.3763
            ],
            [
              -50.7556,
              -27.3801
            ],
            [
              -50.7576,
              -27.3826
            ],
            [
              -50.7576,
              -27.3842
            ],
            [
              -50.7563,
              -27.3884
            ],
            [
              -50.7569,
              -27.39
            ],
            [
              -50.759,
              -27.3926
            ],
            [
              -50.7596,
              -27.394
            ],
            [
              -50.7617,
              -27.3972
            ],
            [
              -50.7645,
              -27.3997
            ],
            [
              -50.7681,
              -27.4007
            ],
            [
              -50.7702,
              -27.4023
            ],
            [
              -50.7701,
              -27.4036
            ],
            [
              -50.7682,
              -27.4056
            ],
            [
              -50.7653,
              -27.4079
            ],
            [
              -50.7615,
              -27.4119
            ],
            [
              -50.7604,
              -27.4128
            ],
            [
              -50.7583,
              -27.4136
            ],
            [
              -50.7561,
              -27.4154
            ],
            [
              -50.7552,
              -27.4167
            ],
            [
              -50.7557,
              -27.419
            ],
            [
              -50.7541,
              -27.4223
            ]
          ]
        ]
      },
      "properties": {
        "codarea": "4204806",
        "nome_municipio": "Curitibanos",
        "codigo_ibge": 4204806
      }
    },
    {
      "type": "Feature",
      "geometry": {
        "type": "Polygon",
        "coordinates": [
          [
            [
              -50.7654,
              -27.3057
            ],
            [
              -50.7658,
              -27.303
            ],
            [
              -50.7656,
              -27.3004
            ],
            [
              -50.7671,
              -27.2976
            ],
            [
              -50.7672,
              -27.2942
            ],
            [
              -50.768,
              -27.2895
            ],
            [
              -50.7679,
              -27.2878
            ],
            [
              -50.7688,
              -27.2861
            ],
            [
              -50.7685,
              -27.2837
            ],
            [
              -50.7666,
              -27.2809
            ],
            [
              -50.7633,
              -27.2805
            ],
            [
              -50.7613,
              -27.2798
            ],
            [
              -50.7598,
              -27.2784
            ],
            [
              -50.7585,
              -27.2779
            ],
            [
              -50.7572,
              -27.2792
            ],
            [
              -50.7553,
              -27.2821
            ],
            [
              -50.7535,
              -27.2827
            ],
            [
              -50.75,
              -27.2821
            ],
            [
              -50.7488,
              -27.2824
            ],
            [
              -50.7458,
              -27.2843
            ],
            [
              -50.744,
              -27.2864
            ],
            [
              -50.7413,
              -27.2866
            ],
            [
              -50.7373,
              -27.283
            ],
            [
              -50.7334,
              -27.2812
            ],
            [
              -50.7318,
              -27.2798
            ],
            [
              -50.7316,
              -27.2785
            ],
            [
              -50.7327,
              -27.2763
            ],
            [
              -50.7347,
              -27.2744
            ],
            [
              -50.7362,
              -27.272
            ],
            [
              -50.7384,
              -27.2704
            ],
            [
              -50.7397,
              -27.2702
            ],
            [
              -50.7476,
              -27.2711
            ],
            [
              -50.754,
              -27.2705
            ],
            [
              -50.756,
              -27.2696
            ],
            [
              -50.758,
              -27.2678
            ],
            [
              -50.7588,
              -27.2662
            ],
            [
              -50.7591,
              -27.2629
            ],
            [
              -50.7592,
              -27.2586
            ],
            [
              -50.7587,
              -27.2575
            ],
            [
              -50.7547,
              -27.2541
            ],
            [
              -50.7529,
              -27.2522
            ],
            [
              -50.749,
              -27.2493
            ],
            [
              -50.7455,
              -27.2486
            ],
            [
              -50.7439,
              -27.2491
            ],
            [
              -50.742,
              -27.2519
            ],
            [
              -50.7376,
              -27.2533
            ],
            [
              -50.7316,
              -27.2546
            ],
            [
              -50.7297,
              -27.2554
            ],
            [
              -50.7281,
              -27.2551
            ],
            [
              -50.7275,
              -27.2538
            ],
            [
              -50.7276,
              -27.2512
            ],
            [
              -50.7284,
              -27.25
            ],
            [
              -50.7324,
              -27.2471
            ],
            [
              -50.7332,
              -27.2457
            ],
            [
              -50.7338,
              -27.2433
            ],
            [
              -50.7323,
              -27.2393
            ],
            [
              -50.7329,
              -27.2366
            ],
            [
              -50.736,
              -27.2313
            ],
            [
              -50.7408,
              -27.2266
            ],
            [
              -50.7407,
              -27.2253
            ],
            [
              -50.7369,
              -27.2242
            ],
            [
              -50.7329,
              -27.2248
            ],
            [
              -50.7308,
              -27.2249
            ],
            [
              -50.7267,
              -27.2242
            ],
            [
              -50.7239,
              -27.2244
            ],
            [
              -50.7223,
              -27.2227
            ],
            [
              -50.723,
              -27.2198
            ],
            [
              -50.7227,
              -27.2171
            ],
            [
              -50.7234,
              -27.2151
            ],
            [
              -50.7256,
              -27.2139
            ],
            [
              -50.7271,
              -27.2112
            ],
            [
              -50.7284,
              -27.2077
            ],
            [
              -50.7292,
              -27.2065
            ],
            [
              -50.7305,
              -27.2028
            ],
            [
              -50.7298,
              -27.2019
            ],
            [
              -50.7255,
              -27.1988
            ],
            [
              -50.7237,
              -27.1969
            ],
            [
              -50.7222,
              -27.1949
            ],
            [
              -50.72,
              -27.1924
            ],
            [
              -50.7151,
              -27.19
            ],
            [
              -50.712,
              -27.1887
            ],
            [
              -50.7087,
              -27.187
            ],
            [
              -50.7071,
              -27.1866
            ],
            [
              -50.7023,
              -27.189
            ],
            [
              -50.6812,
              -27.1568
            ],
            [
              -50.6822,
              -27.156
            ],
            [
              -50.6847,
              -27.1558
            ],
            [
              -50.689,
              -27.1545
            ],
            [
              -50.6904,
              -27.1544
            ],
            [
              -50.6911,
              -27.1533
            ],
            [
              -50.6945,
              -27.1544
            ],
            [
              -50.6977,
              -27.1537
            ],
            [
              -50.6992,
              -27.1525
            ],
            [
              -50.7008,
              -27.1533
            ],
            [
              -50.7028,
              -27.1528
            ],
            [
              -50.7044,
              -27.151
            ],
            [
              -50.7052,
              -27.1509
            ],
            [
              -50.7071,
              -27.149
            ],
            [
              -50.7078,
              -27.147
            ],
            [
              -50.7091,
              -27.1471
            ],
            [
              -50.7104,
              -27.146
            ],
            [
              -50.7095,
              -27.1444
            ],
            [
              -50.7032,
              -27.1398
            ],
            [
              -50.7005,
              -27.1375
            ],
            [
              -50.6992,
              -27.1368
            ],
            [
              -50.7001,
              -27.1358
            ],
            [
              -50.7031,
              -27.1364
            ],
            [
              -50.7061,
              -27.1377
            ],
            [
              -50.7117,
              -27.1387
            ],
            [
              -50.7143,
              -27.1382
            ],
            [
              -50.716,
              -27.1385
            ],
            [
              -50.7195,
              -27.1382
            ],
            [
              -50.7209,
              -27.1377
            ],
            [
              -50.7233,
              -27.1363
            ],
            [
              -50.7278,
              -27.1319
            ],
            [
              -50.7292,
              -27.1314
            ],
            [
              -50.7309,
              -27.1285
            ],
            [
              -50.7312,
              -27.1269
            ],
            [
              -50.731,
              -27.1247
            ],
            [
              -50.7334,
              -27.1235
            ],
            [
              -50.7351,
              -27.1207
            ],
            [
              -50.7371,
              -27.1203
            ],
            [
              -50.7399,
              -27.1218
            ],
            [
              -50.7436,
              -27.1223
            ],
            [
              -50.7447,
              -27.1217
            ],
            [
              -50.7491,
              -27.122
            ],
            [
              -50.7521,
              -27.1228
            ],
            [
              -50.7544,
              -27.124
            ],
            [
              -50.758,
              -27.1225
            ],
            [
              -50.7589,
              -27.1215
            ],
            [
              -50.7622,
              -27.1207
            ],
            [
              -50.7627,
              -27.12
            ],
            [
              -50.7659,
              -27.1193
            ],
            [
              -50.7704,
              -27.1206
            ],
            [
              -50.774,
              -27.1206
            ],
            [
              -50.7757,
              -27.1198
            ],
            [
              -50.7775,
              -27.1196
            ],
            [
              -50.7783,
              -27.1185
            ],
            [
              -50.7805,
              -27.118
            ],
            [
              -50.7814,
              -27.1185
            ],
            [
              -50.7843,
              -27.1182
            ],
            [
              -50.797,
              -27.1321
            ],
            [
              -50.8279,
              -27.1584
            ],
            [
              -50.8281,
              -27.1596
            ],
            [
              -50.8273,
              -27.1603
            ],
            [
              -50.828,
              -27.1616
            ],
            [
              -50.8269,
              -27.1639
            ],
            [
              -50.8267,
              -27.1664
            ],
            [
              -50.826,
              -27.1689
            ],
            [
              -50.8239,
              -27.1714
            ],
            [
              -50.8284,
              -27.1748
            ],
            [
              -50.8276,
              -27.177
            ],
            [
              -50.8311,
              -27.1776
            ],
            [
              -50.8325,
              -27.1799
            ],
            [
              -50.8347,
              -27.1798
            ],
            [
              -50.8352,
              -27.1815
            ],
            [
              -50.8364,
              -27.1816
            ],
            [
              -50.8371,
              -27.1827
            ],
            [
              -50.8364,
              -27.184
            ],
            [
              -50.8379,
              -27.1842
            ],
            [
              -50.8378,
              -27.186
            ],
            [
              -50.8362,
              -27.1857
            ],
            [
              -50.8349,
              -27.1868
            ],
            [
              -50.834,
              -27.1887
            ],
            [
              -50.8352,
              -27.1897
            ],
            [
              -50.8314,
              -27.1909
            ],
            [
              -50.8301,
              -27.1906
            ],
            [
              -50.8291,
              -27.1919
            ],
            [
              -50.8278,
              -27.1921
            ],
            [
              -50.8261,
              -27.1916
            ],
            [
              -50.8256,
              -27.193
            ],
            [
              -50.826,
              -27.1944
            ],
            [
              -50.8273,
              -27.1963
            ],
            [
              -50.8268,
              -27.1987
            ],
            [
              -50.8255,
              -27.1993
            ],
            [
              -50.8268,
              -27.2016
            ],
            [
              -50.8261,
              -27.2041
            ],
            [
              -50.8241,
              -27.2044
            ],
            [
              -50.8222,
              -27.2052
            ],
            [
              -50.8198,
              -27.2055
            ],
            [
              -50.818,
              -27.2077
            ],
            [
              -50.8204,
              -27.2089
            ],
            [
              -50.8191,
              -27.2104
            ],
            [
              -50.8201,
              -27.2119
            ],
            [
              -50.8185,
              -27.2136
            ],
            [
              -50.8199,
              -27.2142
            ],
            [
              -50.8175,
              -27.2161
            ],
            [
              -50.8212,
              -27.2168
            ],
            [
              -50.8225,
              -27.2178
            ],
            [
              -50.8222,
              -27.2194
            ],
            [
              -50.8192,
              -27.2214
            ],
            [
              -50.8202,
              -27.2221
            ],
            [
              -50.822,
              -27.2222
            ],
            [
              -50.8228,
              -27.2234
            ],
            [
              -50.8224,
              -27.2244
            ],
            [
              -50.82,
              -27.2272
            ],
            [
              -50.8207,
              -27.2295
            ],
            [
              -50.8149,
              -27.228
            ],
            [
              -50.8082,
              -27.2305
            ],
            [
              -50.8081,
              -27.2316
            ],
            [
              -50.8099,
              -27.2333
            ],
            [
              -50.8112,
              -27.2354
            ],
            [
              -50.8114,
              -27.2376
            ],
            [
              -50.8076,
              -27.2392
            ],
            [
              -50.8048,
              -27.2396
            ],
            [
              -50.8004,
              -27.2415
            ],
            [
              -50.7972,
              -27.2407
            ],
            [
              -50.7961,
              -27.2411
            ],
            [
              -50.7959,
              -27.2435
            ],
            [
              -50.7967,
              -27.2457
            ],
            [
              -50.7963,
              -27.2476
            ],
            [
              -50.7935,
              -27.2491
            ],
            [
              -50.7917,
              -27.2487
            ],
            [
              -50.7879,
              -27.2507
            ],
            [
              -50.7872,
              -27.2517
            ],
            [
              -50.7872,
              -27.2539
            ],
            [
              -50.7879,
              -27.2555
            ],
            [
              -50.7893,
              -27.2564
            ],
            [
              -50.792,
              -27.2568
            ],
            [
              -50.7948,
              -27.2568
            ],
            [
              -50.7968,
              -27.2575
            ],
            [
              -50.7978,
              -27.2594
            ],
            [
              -50.7993,
              -27.2595
            ],
            [
              -50.8004,
              -27.2603
            ],
            [
              -50.8003,
              -27.2619
            ],
            [
              -50.799,
              -27.2636
            ],
            [
              -50.7972,
              -27.2642
            ],
            [
              -50.796,
              -27.2652
            ],
            [
              -50.7941,
              -27.268
            ],
            [
              -50.7928,
              -27.2683
            ],
            [
              -50.7901,
              -27.2678
            ],
            [
              -50.7882,
              -27.268
            ],
            [
              -50.7873,
              -27.2694
            ],
            [
              -50.7848,
              -27.269
            ],
            [
              -50.7833,
              -27.2684
            ],
            [
              -50.7817,
              -27.2687
            ],
            [
              -50.7807,
              -27.2665
            ],
            [
              -50.7776,
              -27.2668
            ],
            [
              -50.7765,
              -27.2684
            ],
            [
              -50.777,
              -27.2702
            ],
            [
              -50.776,
              -27.2729
            ],
            [
              -50.7765,
              -27.2749
            ],
            [
              -50.7796,
              -27.2772
            ],
            [
              -50.7792,
              -27.2789
            ],
            [
              -50.7776,
              -27.2799
            ],
            [
              -50.7749,
              -27.285
            ],
            [
              -50.7751,
              -27.2895
            ],
            [
              -50.7761,
              -27.2904
            ],
            [
              -50.7788,
              -27.291
            ],
            [
              -50.7791,
              -27.2925
            ],
            [
              -50.7778,
              -27.2949
            ],
            [
              -50.7734,
              -27.2974
            ],
            [
              -50.7714,
              -27.301
            ],
            [
              -50.7714,
              -27.3034
            ],
            [
              -50.7707,
              -27.3053
            ],
            [
              -50.7694,
              -27.3061
            ],
            [
              -50.7675,
              -27.3054
            ],
            [
              -50.7654,
              -27.3057
            ]
          ]
        ]
      },
      "properties": {
        "codarea": "4205555",
        "nome_municipio": "Frei Rogério",
        "codigo_ibge": 4205555
      }
    }
  ]
}